# name: debug
# type: sparse matrix
# nnz: 6300
# rows: 1050
# columns: 1050

1 1 29150027.241783611
2 1 4767977.554181424
3 1 -6883171.923615459
4 1 115242.179435863
5 1 -1397630.438076940
6 1 -451761.654138686
1 2 4767977.554181424
2 2 34909138.655129604
3 2 5380196.757804435
4 2 1509899.426728521
5 2 -115242.179435863
6 2 -717917.555708046
1 3 -6883171.923615459
2 3 5380196.757804435
3 3 9867396.165563149
4 3 364987.353909612
5 3 550925.490944805
6 3 0.000000000
1 4 115242.179435863
2 4 1509899.426728521
3 4 364987.353909612
4 4 9431888.696340268
5 4 170579.007441105
6 4 -1537452.422087795
1 5 -1397630.438076940
2 5 -115242.179435863
3 5 550925.490944806
4 5 170579.007441104
5 5 9511527.633610066
6 5 1154683.048543254
1 6 -451761.654138686
2 6 -717917.555708046
3 6 0.000000000
4 6 -1537452.422087795
5 6 1154683.048543252
6 6 5014002.917683506
7 7 5461583.390702418
8 7 242142.215262050
9 7 -413546.935301971
10 7 -5414.806464166
11 7 54038.939563625
12 7 17219.465091760
7 8 242142.215262050
8 8 5639153.043572064
9 8 288639.135896797
10 8 -57562.079381335
11 8 5414.806464166
12 8 23693.371322456
7 9 -413546.935301971
8 9 288639.135896797
9 9 4422605.869604899
10 9 -13983.213616542
11 9 -19233.445118349
12 9 -0.000000000
7 10 -5414.806464166
8 10 -57562.079381335
9 10 -13983.213616542
10 10 4194606.202887376
11 10 0.832231485
12 10 -2325.466010836
7 11 54038.939563625
8 11 5414.806464166
9 11 -19233.445118349
10 11 0.832231485
11 11 4194606.752050028
12 11 1684.325912834
7 12 17219.465091760
8 12 23693.371322456
9 12 -0.000000000
10 12 -2325.466010836
11 12 1684.325912834
12 12 4190185.005870009
13 13 55782268.915735550
14 13 3802043.998246451
15 13 -2787630.964777229
16 13 54733.762111045
17 13 689018.619986148
18 13 236115.318146087
13 14 3802043.998246451
14 14 67772168.290670782
15 14 7927315.274727013
16 14 -717955.453036215
17 14 -54733.762111045
18 14 -327466.209155288
13 15 -2787630.964777229
14 15 7927315.274727013
15 15 14154539.198369212
16 15 -196209.413306078
17 15 310140.176820906
18 15 0.000000000
13 16 54733.762111045
14 16 -717955.453036215
15 16 -196209.413306078
16 16 7077676.313571712
17 16 -16986.185144419
18 16 592581.083509780
13 17 689018.619986148
14 17 -54733.762111045
15 17 310140.176820906
16 17 -16986.185144419
17 17 7116790.565681524
18 17 417749.415758294
13 18 236115.318146087
14 18 -327466.209155288
15 18 0.000000000
16 18 592581.083509780
17 18 417749.415758294
18 18 4616966.403705316
19 19 39441303.252979837
20 19 1945283.922000333
21 19 -2881588.671389308
22 19 21668.339126478
23 19 -1045460.088654301
24 19 -178368.862824494
19 20 1945283.922000333
20 20 43533915.074069872
21 20 6026846.849968483
22 20 1088690.716138340
23 20 -21668.339126478
24 20 -241892.661088911
19 21 -2881588.671389308
20 21 6026846.849968483
21 21 9555807.040515371
22 21 141722.986711192
23 21 207568.170139823
24 21 -0.000000000
19 22 21668.339126478
20 22 1088690.716138340
21 22 141722.986711192
22 22 4636647.348720443
23 22 -133.948501013
24 22 -101329.341860373
19 23 -1045460.088654301
20 23 -21668.339126478
21 23 207568.170139823
22 23 -133.948501013
23 23 4637599.499001222
24 23 25021.775134152
19 24 -178368.862824494
20 24 -241892.661088911
21 24 -0.000000000
22 24 -101329.341860373
23 24 25021.775134152
24 24 4241374.907664925
25 25 35721113.796226919
26 25 5189682.959094820
27 25 -6922342.041326801
28 25 61418.461386842
29 25 -590663.980752358
30 25 -253908.489430663
25 26 5189682.959094820
26 26 43860301.577120379
27 26 6304545.583296007
28 26 640634.686371841
29 26 -61418.461386842
30 26 -504453.152944818
25 27 -6922342.041326801
26 27 6304545.583296007
27 27 11444552.731003419
28 27 219388.921855175
29 27 407169.735070420
30 27 0.000000000
25 28 61418.461386842
26 28 640634.686371841
27 28 219388.921855175
28 28 8163915.402743514
29 28 349039.893065381
30 28 -1329684.448637343
25 29 -590663.980752358
26 29 -61418.461386842
27 29 407169.735070420
28 29 349039.893065381
29 29 8114326.901118041
30 29 1309375.549522319
25 30 -253908.489430663
26 30 -504453.152944818
27 30 0.000000000
28 30 -1329684.448637342
29 30 1309375.549522318
30 30 5194961.136682924
31 31 5522648.061598343
32 31 268142.551987951
33 31 -389547.621063723
34 31 -819.301272489
35 31 9037.882604562
36 31 2859.504754398
31 32 268142.551987951
32 32 5609209.921617441
33 32 319723.067135442
34 32 -9295.584573877
35 32 819.301272489
36 32 3402.332476935
31 33 -389547.621063723
32 33 319723.067135442
33 33 4431136.911598750
34 33 -2320.673856897
35 33 -2790.961635711
36 33 0.000000000
31 34 -819.301272489
32 34 -9295.584573877
33 34 -2320.673856897
34 34 4188882.905998319
35 34 0.000168916
36 34 -36.153401983
31 35 9037.882604562
32 35 819.301272489
33 35 -2790.961635711
34 35 0.000168916
35 35 4188882.906077043
36 35 29.374318931
31 36 2859.504754398
32 36 3402.332476935
33 36 0.000000000
34 36 -36.153401983
35 36 29.374318931
36 36 4188786.650846251
37 37 28287142.957916245
38 37 3576934.103833418
39 37 -5400724.865925938
40 37 -34738.885535184
41 37 -178523.020453640
42 37 36366.629725581
37 38 3576934.103833418
38 38 35160464.951412186
39 38 4596819.996869685
40 38 185498.922432554
41 38 34738.885535184
42 38 174538.249833440
37 39 -5400724.865925938
38 39 4596819.996869685
39 39 9665550.416094296
40 39 -14553.101371423
41 39 -149123.063642365
42 39 0.000000000
37 40 -34738.885535184
38 40 185498.922432554
39 40 -14553.101371423
40 40 7141609.518469095
41 40 -30597.103128780
42 40 208924.659838401
37 41 -178523.020453640
38 41 34738.885535184
39 41 -149123.063642365
40 41 -30597.103128780
41 41 7117550.958595381
42 41 508585.096495699
37 42 36366.629725581
38 42 174538.249833440
39 42 -0.000000000
40 42 208924.659838401
41 42 508585.096495699
42 42 4351371.868089817
43 43 23484270.800869461
44 43 2057938.923289045
45 43 -2484965.631189298
46 43 -21044.785448236
47 43 -165934.705411734
48 43 20353.213015290
43 44 2057938.923289045
44 44 25488068.245132886
45 44 3544893.481272963
46 44 133245.465020084
47 44 21044.785448236
48 44 97707.491434111
43 45 -2484965.631189298
44 45 3544893.481272963
45 45 6997226.611835485
46 45 -2295.934554820
47 45 -71019.958860109
48 45 0.000000000
43 46 -21044.785448236
44 46 133245.465020084
45 46 -2295.934554820
46 46 4838780.636633839
47 46 -719.148547825
48 46 36185.154033680
43 47 -165934.705411734
44 47 21044.785448236
45 47 -71019.958860109
46 47 -719.148547825
47 47 4837919.521873054
48 47 76178.458447640
43 48 20353.213015290
44 48 97707.491434111
45 48 0.000000000
46 48 36185.154033680
47 48 76178.458447640
48 48 4205389.232935382
49 49 13991856.701154059
50 49 2502774.479185212
51 49 -3251836.336572791
52 49 -8030.015527981
53 49 7921.913255307
54 49 20990.037828166
49 50 2502774.479185212
50 50 16376063.446467591
51 50 2348856.771762034
52 50 -12041.663885894
53 50 8030.015527981
54 50 22350.694754346
49 51 -3251836.336572791
50 51 2348856.771762034
51 51 6681117.516243266
52 51 -11268.678572845
53 51 -7571.475676793
54 51 0.000000000
49 52 -8030.015527981
50 52 -12041.663885894
51 52 -11268.678572845
52 52 4213959.774653758
53 52 4.410979766
54 52 -10779.046920599
49 53 7921.913255307
50 53 8030.015527981
51 53 -7571.475676793
52 53 4.410979766
53 53 4213961.876490832
54 53 7912.264226707
49 54 20990.037828166
50 54 22350.694754346
51 54 0.000000000
52 54 -10779.046920599
53 54 7912.264226707
54 54 4196431.046927270
55 55 6642216.595886608
56 55 644535.178139987
57 55 -805343.123739756
58 55 -2790.949187861
59 55 17890.602621834
60 55 7967.218118633
55 56 644535.178139987
56 56 6958471.274315340
57 56 628944.945402212
58 56 -19471.479748574
59 56 2790.949187861
60 56 10543.384381267
55 57 -805343.123739756
56 57 628944.945402212
57 57 4767121.439058971
58 57 -5642.014812568
59 57 -7462.745885081
60 57 -0.000000000
55 58 -2790.949187861
56 58 -19471.479748574
57 58 -5642.014812568
58 58 4188968.619001409
59 58 0.000839584
60 58 -104.499852114
55 59 17890.602621834
56 59 2790.949187861
57 59 -7462.745885081
58 59 0.000839584
59 59 4188968.619520717
60 59 76.815692049
55 60 7967.218118633
56 60 10543.384381267
57 60 -0.000000000
58 60 -104.499852114
59 60 76.815692049
60 60 4188854.620691179
61 61 16285091.916596003
62 61 1669988.911850679
63 61 -1831694.614973685
64 61 3660.531415979
65 61 -43522.823842587
66 61 -16350.364000619
61 62 1669988.911850679
62 62 19739658.907473233
63 62 2599248.338221319
64 62 52818.582614177
65 62 -3660.531415979
66 62 -6759.166491418
61 63 -1831694.614973685
62 63 2599248.338221319
63 63 7190166.115083697
64 63 11525.421146700
65 63 5278.530533743
66 63 0.000000000
61 64 3660.531415979
62 64 52818.582614177
63 64 11525.421146700
64 64 4190442.427577426
65 64 0.007668130
66 64 -461.433431904
61 65 -43522.823842587
62 65 -3660.531415979
63 65 5278.530533743
64 65 0.007668130
65 65 4190442.433916736
66 65 405.290284160
61 66 -16350.364000619
62 66 -6759.166491418
63 66 0.000000000
64 66 -461.433431904
65 66 405.290284160
66 66 4189177.723234101
67 67 19388705.406597100
68 67 845025.462082912
69 67 -705596.695344659
70 67 -10133.605059718
71 67 74828.008936386
72 67 64511.329887945
67 68 845025.462082912
68 68 21370228.816191651
69 68 2733988.232592407
70 68 15602.925509475
71 68 10133.605059718
72 68 252881.778924217
67 69 -705596.695344659
68 69 2733988.232592407
69 69 6531732.369527128
70 69 -55509.839492273
71 69 -172420.878482319
72 69 0.000000000
67 70 -10133.605059718
68 70 15602.925509475
69 70 -55509.839492273
70 70 4305631.787405133
71 70 -10.498052948
72 70 64055.520484909
67 71 74828.008936386
68 71 10133.605059718
69 71 -172420.878482319
70 71 -10.498052948
71 71 4306139.577343804
72 71 3522.282348303
67 72 64511.329887945
68 72 252881.778924217
69 72 0.000000000
70 72 64055.520484909
71 72 3522.282348303
72 72 4233546.012993372
73 73 14419036.546787241
74 73 1716319.768182671
75 73 -2421272.247287299
76 73 -4598.458876898
77 73 -45058.945434748
78 73 1810.704147528
73 74 1716319.768182671
74 74 16170017.577604862
75 74 2186653.092949815
76 74 25545.627112342
77 74 4598.458876898
78 74 18397.360552917
73 75 -2421272.247287299
74 75 2186653.092949815
75 75 6202739.293100229
76 75 4829.231655595
77 75 -2410.311179422
78 75 0.000000000
73 76 -4598.458876898
74 76 25545.627112342
75 76 4829.231655595
76 76 4238232.884424613
77 76 40.149816823
78 76 -24298.669920902
73 77 -45058.945434748
74 77 4598.458876898
75 77 -2410.311179422
76 77 40.149816823
77 77 4238284.738345435
78 77 15498.571685912
73 78 1810.704147528
74 78 18397.360552917
75 78 0.000000000
76 78 -24298.669920902
77 78 15498.571685912
78 78 4207533.397687172
79 79 5521248.694761078
80 79 300872.196084797
81 79 -457792.319880019
82 79 -1861.197009867
83 79 14134.458034456
84 79 5645.722296986
79 80 300872.196084797
80 80 5727120.301640564
81 80 317093.531416730
82 80 -15031.742473797
83 80 1861.197009867
84 80 7329.437886801
79 81 -457792.319880019
80 81 317093.531416730
81 81 4480713.165626592
82 81 -4211.834756158
83 81 -5547.421339320
84 81 -0.000000000
79 82 -1861.197009867
80 82 -15031.742473797
81 82 -4211.834756158
82 82 4189027.259575116
83 82 0.002166836
84 82 -116.715438272
79 83 14134.458034456
80 83 1861.197009867
81 83 -5547.421339320
82 83 0.002166836
83 83 4189027.259970574
84 83 98.303469645
79 84 5645.722296986
80 84 7329.437886801
81 84 -0.000000000
82 84 -116.715438272
83 84 98.303469645
84 84 4188858.775429545
85 85 54667448.010711037
86 85 2263603.948856898
87 85 -5481735.526849321
88 85 -96209.648636613
89 85 -1710908.832579879
90 85 166459.070749020
85 86 2263603.949321765
86 86 67605127.460945904
87 86 7658232.050285560
88 86 2018345.833529280
89 86 96340.426463489
90 86 -679549.313790415
85 87 -5481735.526806098
86 87 7658232.049587019
87 87 14550654.804781411
88 87 -115371.485834583
89 87 493455.319383224
90 87 13.126523516
85 88 -96140.412187273
86 88 2018473.997813001
87 88 -115356.533934071
88 88 -4193423.970188087
89 88 -10567519.293669328
90 88 -20592267.497528113
85 89 -1710854.848765664
86 89 96103.718866819
87 89 493481.920009221
88 89 -4457930.880741223
89 89 11996982.874187894
90 89 1095726.669144920
85 90 166442.509022843
86 90 -679628.575591166
87 90 -9.479410246
88 90 -12457334.122528208
89 90 -6219195.830366008
90 90 -3719922.044673881
91 91 28180004.900475767
92 91 1180963.687805115
93 91 -1401739.506977307
94 91 -20239.926994234
95 91 153632.055478116
96 91 49343.718654993
91 92 1180963.687805115
92 92 31880941.207392521
93 92 3491805.451562860
94 92 -204991.866313007
95 92 20239.926994234
96 92 331965.418348291
91 93 -1401739.506977307
92 93 3491805.451562860
93 93 7808818.835837906
94 93 -36206.874612468
95 93 -286936.664462203
96 93 -0.000000000
91 94 -20239.926994234
92 94 -204991.866313007
93 94 -36206.874612468
94 94 5872866.712270889
95 94 76011.034251186
96 94 -751857.421736193
91 95 153632.055478116
92 95 20239.926994234
93 95 -286936.664462203
94 95 76011.034251186
95 95 5990483.950211792
96 95 401786.056529366
91 96 49343.718654993
92 96 331965.418348291
93 96 -0.000000000
94 96 -751857.421736193
95 96 401786.056529366
96 96 4679465.693279871
97 97 12401384.975098338
98 97 2049537.775404091
99 97 -2571383.313230420
100 97 -10742.339412296
101 97 94144.327241570
102 97 33733.328252099
97 98 2049537.775404091
98 98 13918148.455750339
99 98 2037468.846153975
100 98 -101163.645898123
101 98 10742.339412296
102 98 43453.399320339
97 99 -2571383.313230420
98 99 2037468.846153975
99 99 6172387.620191457
100 99 -25223.116386993
101 99 -31697.478828314
102 99 -0.000000000
97 100 -10742.339412296
98 100 -101163.645898123
99 100 -25223.116386993
100 100 4191651.025248952
101 100 0.054556789
102 100 -1013.414161076
97 101 94144.327241570
98 101 10742.339412296
99 101 -31697.478828314
100 101 0.054556789
101 101 4191651.036882877
102 101 853.345709353
97 102 33733.328252099
98 102 43453.399320339
99 102 -0.000000000
100 102 -1013.414161076
101 102 853.345709353
102 102 4189505.315735280
103 103 9925831.831820380
104 103 815184.186817594
105 103 -1445627.383169429
106 103 -8393.334306499
107 103 120215.623337432
108 103 29617.514296888
103 104 815184.186817594
104 104 10503038.168718008
105 104 1138607.023844845
106 104 -128017.458743183
107 104 8393.334306499
108 104 44562.493365088
103 105 -1445627.383169429
104 105 1138607.023844845
105 105 5141698.999136755
106 105 -24786.188819857
107 105 -36891.628618361
108 105 0.000000000
103 106 -8393.334306499
104 106 -128017.458743183
105 106 -24786.188819857
106 106 4197930.467827016
107 106 1.115555869
108 106 -3382.104908372
103 107 120215.623337432
104 107 8393.334306499
105 107 -36891.628618361
106 107 1.115555869
107 107 4197932.166675340
108 107 1792.389298099
103 108 29617.514296888
104 108 44562.493365088
105 108 0.000000000
106 108 -3382.104908372
107 108 1792.389298099
108 108 4190426.116317437
109 109 8658076.310834814
110 109 1375255.923943409
111 109 -1807543.852108935
112 109 -6368.409143309
113 109 53887.502450072
114 109 18153.329808786
109 110 1375255.923943409
110 110 10387667.137703111
111 110 1083055.646654399
112 110 -61425.535635006
113 110 6368.409143309
114 110 30592.848815857
109 111 -1807543.852108935
110 111 1083055.646654399
111 111 5593057.509451810
112 111 -13394.699809746
113 111 -21890.504354244
114 111 0.000000000
109 112 -6368.409143309
110 112 -61425.535635006
111 112 -13394.699809746
112 112 4189990.086672043
113 112 0.007867414
114 112 -473.356921623
109 113 53887.502450072
110 113 6368.409143309
111 113 -21890.504354244
112 113 0.007867414
113 113 4189990.096432948
114 113 294.114881056
109 114 18153.329808786
110 114 30592.848815857
111 114 0.000000000
112 114 -473.356921623
113 114 294.114881056
114 114 4189066.309676870
115 115 9169111.078362456
116 115 1188555.386829787
117 115 -1613304.801306734
118 115 -5792.477278408
119 115 50614.414216641
120 115 17233.682715052
115 116 1188555.386829787
116 116 10283545.349433830
117 116 1159186.365373696
118 116 -56177.443685599
119 116 5792.477278408
120 116 24922.027321128
115 117 -1613304.801306734
116 117 1159186.365373696
117 117 5387633.905126181
118 117 -13017.818032725
119 117 -18542.680522946
120 117 -0.000000000
115 118 -5792.477278408
116 118 -56177.443685599
117 118 -13017.818032725
118 118 4189512.513529788
119 118 0.002570926
120 118 -306.963734589
115 119 50614.414216641
116 119 5792.477278408
117 119 -18542.680522946
118 119 0.002570926
119 119 4189512.516045571
120 119 207.208338489
115 120 17233.682715052
116 120 24922.027321128
117 120 -0.000000000
118 120 -306.963734589
119 120 207.208338489
120 120 4188984.312905015
121 121 9021155.216138881
122 121 1274994.149684167
123 121 -1674621.795187436
124 121 -14821.177552562
125 121 18945.429217306
126 121 40478.905149386
121 122 1274994.149684167
122 122 10345080.484590201
123 122 1139777.365124528
124 122 -2426.770711750
125 122 14821.177552562
126 122 -8981.178646137
121 123 -1674621.795187436
122 123 1139777.365124528
123 123 5530392.272315980
124 123 -29382.644804127
125 123 5630.348591974
126 123 0.000000000
121 124 -14821.177552562
122 124 -2426.770711750
123 124 -29382.644804127
124 124 4204869.474216649
125 124 -2.040714310
126 124 -9915.415850896
121 125 18945.429217306
122 125 14821.177552562
123 125 5630.348591974
124 125 -2.040714310
125 125 4204886.819287220
126 125 -34.621601655
121 126 40478.905149386
122 126 -8981.178646137
123 126 0.000000000
124 126 -9915.415850896
125 126 -34.621601655
126 126 4195399.645848793
127 127 6856763.161710882
128 127 428458.350507107
129 127 -498709.368437332
130 127 4026.559088870
131 127 -58060.985828574
132 127 -17869.944115952
127 128 428458.350507107
128 128 7096840.736589679
129 128 638330.228359290
130 128 57467.148731803
131 128 -4026.559088870
132 128 -14060.513768926
127 129 -498709.368437332
128 129 638330.228359290
129 129 4696456.603233388
130 129 14558.564128683
131 129 11237.223337819
132 129 -0.000000000
127 130 4026.559088870
128 130 57467.148731803
129 130 14558.564128683
130 130 4194134.897276643
131 130 0.415534324
132 130 -1451.748607970
127 131 -58060.985828574
128 131 -4026.559088870
129 131 11237.223337819
130 131 0.415534324
131 131 4194134.860702271
132 131 1596.040681706
127 132 -17869.944115952
128 132 -14060.513768926
129 132 -0.000000000
130 132 -1451.748607970
131 132 1596.040681706
132 132 4189823.005853344
133 133 45873450.018672317
134 133 2901870.253577411
135 133 -2847690.091808117
136 133 -28035.042547864
137 133 898800.778011162
138 133 300670.433782572
133 134 2901870.253577411
134 134 58999854.486054599
135 134 7321255.907923716
136 134 -982640.565776881
137 134 28035.042547864
138 134 88702.942340838
133 135 -2847690.091808117
134 135 7321255.907923716
135 135 13632039.662912488
136 135 -228692.331691339
137 135 -46610.480100196
138 135 -0.000000000
133 136 -28035.042547864
134 136 -982640.565776881
135 136 -228692.331691339
136 136 4888298.715163383
137 136 -1600.017734896
138 136 50743.265529737
133 137 898800.778011162
134 137 28035.042547864
135 137 -46610.480100196
136 137 -1600.017734896
137 137 4883339.453945097
138 137 196338.889632164
133 138 300670.433782572
134 138 88702.942340838
135 138 -0.000000000
136 138 50743.265529737
137 138 196338.889632164
138 138 4282894.246167479
139 139 13633883.344356211
140 139 1012230.218067906
141 139 -1532793.630243453
142 139 -8970.244721709
143 139 231279.181362111
144 139 43638.298611065
139 140 1012230.218067906
140 140 15048537.710452065
141 140 1668325.259227603
142 140 -249566.403041022
143 140 8970.244721709
144 140 65723.972104017
139 141 -1532793.630243453
140 141 1668325.259227603
141 141 5781346.272385268
142 141 -36283.791039149
143 141 -49186.169640517
144 141 0.000000000
139 142 -8970.244721709
140 142 -249566.403041022
141 142 -36283.791039149
142 142 4200757.667776231
143 142 0.372922076
144 142 -3135.870187605
139 143 231279.181362111
140 143 8970.244721709
141 143 -49186.169640517
142 143 0.372922076
143 143 4200758.045214489
144 143 1895.521901225
139 144 43638.298611065
140 144 65723.972104017
141 144 0.000000000
142 144 -3135.870187605
143 144 1895.521901225
144 144 4190726.199386885
145 145 8711313.216847084
146 145 1513642.759209072
147 145 -1999882.687169989
148 145 -4797.200320088
149 145 27668.646945440
150 145 12013.997225908
145 146 1513642.759209072
146 146 10851766.379065268
147 146 1078504.593110578
148 146 -35322.008438564
149 146 4797.200320088
150 146 24740.644811041
145 147 -1999882.687169989
146 147 1078504.593110578
147 147 5773438.984649143
148 147 -7740.755841242
149 147 -15419.256295667
150 147 -0.000000000
145 148 -4797.200320088
146 148 -35322.008438564
147 148 -7740.755841242
148 148 4189038.812643033
149 148 0.000784571
150 148 -181.330948294
145 149 27668.646945440
146 149 4797.200320088
147 149 -15419.256295667
148 149 0.000784571
149 149 4189038.814146857
150 149 86.425388328
145 150 12013.997225908
146 150 24740.644811041
147 150 -0.000000000
148 150 -181.330948294
149 150 86.425388328
150 150 4188929.172845995
151 151 8203639.964168691
152 151 745066.408835951
153 151 -877271.907129536
154 151 -1659.143445314
155 151 21955.473815633
156 151 6824.633245175
151 152 745066.408835951
152 152 8542543.674007745
153 152 935021.460968001
154 152 -22702.477655748
155 152 1659.143445314
156 152 5871.495980341
151 153 -877271.907129536
152 153 935021.460968001
153 153 4943248.437037685
154 153 -5384.441278047
155 153 -4407.277944510
156 153 -0.000000000
151 154 -1659.143445314
152 154 -22702.477655748
153 154 -5384.441278047
154 154 4188961.156737826
155 154 0.000275758
156 154 -47.003585970
151 155 21955.473815633
152 155 1659.143445314
153 155 -4407.277944510
154 155 0.000275758
155 155 4188961.156817589
156 155 53.784304659
151 156 6824.633245175
152 156 5871.495980341
153 156 -0.000000000
154 156 -47.003585970
155 156 53.784304659
156 156 4188809.056416559
157 157 8095327.661850372
158 157 832265.888284716
159 157 -1520210.566259358
160 157 -2686.849324389
161 157 13653.381942912
162 157 5465.599913914
157 158 832265.888284716
158 158 10013466.739375127
159 158 767466.794735171
160 158 -22057.528089659
161 158 2686.849324389
162 158 18467.843608883
157 159 -1520210.566259358
158 159 767466.794735171
159 159 5448153.239301204
160 159 -3164.803726796
161 159 -11086.439520384
162 159 -0.000000000
157 160 -2686.849324389
158 160 -22057.528089659
159 160 -3164.803726796
160 160 4194341.783584140
161 160 0.289703691
162 160 -2883.802491488
157 161 13653.381942912
158 161 2686.849324389
159 161 -11086.439520384
160 161 0.289703691
161 161 4194342.324525392
162 161 1263.711752070
157 162 5465.599913914
158 162 18467.843608883
159 162 -0.000000000
160 162 -2883.802491488
161 162 1263.711752070
162 162 4190595.951502979
163 163 7476144.640751219
164 163 261012.538434789
165 163 -275620.078138240
166 163 -1301.219290871
167 163 20566.416303207
168 163 4956.725950153
163 164 261012.538434789
164 164 7980954.886203265
165 164 554921.672642746
166 164 -22557.332674351
167 164 1301.219290871
168 164 5651.353939414
163 165 -275620.078138240
164 165 554921.672642746
165 165 4647893.766985885
166 165 -4123.111273842
167 165 -4584.154497329
168 165 -0.000000000
163 166 -1301.219290871
164 166 -22557.332674351
165 166 -4123.111273842
166 166 4188991.084566135
167 166 0.000349157
168 166 -74.653868460
163 167 20566.416303207
164 167 1301.219290871
165 167 -4584.154497329
166 167 0.000349157
167 167 4188991.085026789
168 167 50.573016340
163 168 4956.725950153
164 168 5651.353939414
165 168 -0.000000000
166 168 -74.653868460
167 168 50.573016340
168 168 4188818.656444661
169 169 6592619.196062948
170 169 597061.411127242
171 169 -971238.656227879
172 169 -3107.491762433
173 169 20719.077245260
174 169 8252.671553791
169 170 597061.411127242
170 170 7452216.482489522
171 170 474067.791775751
172 170 -24279.642001000
173 170 3107.491762433
174 170 14581.292870281
169 171 -971238.656227879
170 171 474067.791775751
171 171 4924668.385299991
172 171 -5560.080336612
173 171 -9741.160997403
174 171 -0.000000000
169 172 -3107.491762433
170 172 -24279.642001000
171 172 -5560.080336612
172 172 4189073.470657958
173 172 0.002493242
174 172 -172.404837643
169 173 20719.077245260
170 173 3107.491762433
171 173 -9741.160997403
172 173 0.002493242
173 173 4189073.472881977
174 173 109.561412665
169 174 8252.671553791
170 174 14581.292870281
171 174 -0.000000000
172 174 -172.404837643
173 174 109.561412665
174 174 4188916.171051792
175 175 8285063.626311980
176 175 80892.667604981
177 175 -40424.795622569
178 175 -475.490382208
179 175 46068.967901015
180 175 10871.832198836
175 176 80892.667604981
176 176 8670393.327165823
177 176 788541.113622657
178 176 -47696.838179252
179 176 475.490382208
180 176 1020.792703209
175 177 -40424.795622569
176 177 788541.113622657
177 177 4813223.550228322
178 177 -9060.469295014
179 177 -999.325569046
180 177 0.000000000
175 178 -475.490382208
176 178 -47696.838179252
177 178 -9060.469295014
178 178 4189494.910993802
179 178 -0.000055540
180 178 -3.106288147
175 179 46068.967901015
176 179 475.490382208
177 179 -999.325569046
178 179 -0.000055540
179 179 4189494.911565419
180 179 135.048864778
175 180 10871.832198836
176 180 1020.792703209
177 180 0.000000000
178 180 -3.106288147
179 180 135.048864778
180 180 4188868.128994557
181 181 84059536.210047066
182 181 -680467.504600869
183 181 10476680.517362610
184 181 16982.296305095
185 181 2025313.203123149
186 181 347033.364758079
181 182 -680467.504600869
182 182 115457745.603481025
183 182 10132332.096423060
184 182 -2368760.386052439
185 182 -16982.296305095
186 182 -553422.972761762
181 183 10476680.517362610
182 183 10132332.096423060
183 183 22893015.180144135
184 183 -281237.368515419
185 183 380463.041705831
186 183 -0.000000000
181 184 16982.296305095
182 184 -2368760.386052439
183 184 -281237.368515419
184 184 4259820.086888838
185 184 -0.275982572
186 184 16730.295196485
181 185 2025313.203123149
182 185 -16982.296305095
183 185 380463.041705831
184 185 -0.275982572
185 185 4259822.039169475
186 185 10498.350998654
181 186 347033.364758079
182 186 -553422.972761762
183 186 -0.000000000
184 186 16730.295196485
185 186 10498.350998654
186 186 4207089.654673395
187 187 16094576.283036029
188 187 648478.356017180
189 187 -587238.367595988
190 187 -7257.200243173
191 187 301636.406475089
192 187 69306.360696783
187 188 648478.356017180
188 188 17519562.233134400
189 188 2193175.529877848
190 188 -299301.225491894
191 188 7257.200243173
192 188 26482.783089338
187 189 -587238.367595988
188 189 2193175.529877848
189 189 5839409.789322387
190 189 -63218.168700345
191 189 -25218.427964934
192 189 0.000000000
187 190 -7257.200243173
188 190 -299301.225491894
189 190 -63218.168700345
190 190 4424916.644192132
191 190 201.712135474
192 190 -49265.642324700
187 191 301636.406475089
188 191 7257.200243173
189 191 -25218.427964934
190 191 201.712135474
191 191 4424992.081401782
192 191 57571.039754562
187 192 69306.360696783
188 192 26482.783089338
189 192 0.000000000
190 192 -49265.642324700
191 192 57571.039754562
192 192 4224729.767779110
193 193 12507194.192907475
194 193 887205.758790149
195 193 -1841728.148135475
196 193 -5034.415506816
197 193 112397.087205995
198 193 29969.959207328
193 194 887205.758790149
194 194 14919552.490492195
195 194 1644431.358835586
196 194 -128990.550719768
197 194 5034.415506816
198 194 31589.943241530
193 195 -1841728.148135475
194 195 1644431.358835586
195 195 6170015.869210053
196 195 -23821.837920064
197 195 -23457.113634117
198 195 -0.000000000
193 196 -5034.415506816
194 196 -128990.550719768
195 196 -23821.837920064
196 196 4191402.557047478
197 196 0.013076450
198 196 -631.964536317
193 197 112397.087205995
194 197 5034.415506816
195 197 -23457.113634117
196 197 0.013076450
197 197 4191402.578212928
198 197 626.980465980
193 198 29969.959207328
194 198 31589.943241530
195 198 -0.000000000
196 198 -631.964536317
197 198 626.980465980
198 198 4189499.583392047
199 199 46082122.785501666
200 199 2659550.146639297
201 199 -1612572.104650499
202 199 -48847.818788830
203 199 285472.280494155
204 199 -32088.875706196
199 200 2659550.146639297
200 200 53563413.444107302
201 200 7141984.640860519
202 200 -394742.556796328
203 200 48847.818788829
204 200 247657.205852612
199 201 -1612572.104650499
200 201 7141984.640860519
201 201 11064808.670528481
202 201 34941.033533325
203 201 -229426.382081840
204 201 -0.000000000
199 202 -48847.818788829
200 202 -394742.556796328
201 202 34941.033533325
202 202 9142757.585540615
203 202 -127242.322737345
204 202 1481936.807441918
199 203 285472.280494156
200 203 48847.818788829
201 203 -229426.382081840
202 203 -127242.322737342
203 203 9553420.988891311
204 203 876056.299930433
199 204 -32088.875706197
200 204 247657.205852612
201 204 -0.000000000
202 204 1481936.807441918
203 204 876056.299930439
204 204 5022667.991884482
205 205 7635756.749838305
206 205 430428.428995433
207 205 -1230065.407071413
208 205 -2074.333910296
209 205 33998.933094340
210 205 8971.398922679
205 206 430428.428995433
206 206 9459960.296708433
207 206 599019.112380898
208 206 -41706.862839431
209 206 2074.333910296
210 206 16536.088263771
205 207 -1230065.407071413
206 207 599019.112380898
207 207 5275315.544257938
208 207 -6806.815307987
209 207 -11852.678266096
210 207 0.000000000
205 208 -2074.333910296
206 208 -41706.862839431
207 208 -6806.815307987
208 208 4189172.599924213
209 208 0.000458275
210 208 -145.786159013
205 209 33998.933094340
206 209 2074.333910296
207 209 -11852.678266096
208 209 0.000458275
209 209 4189172.601493981
210 209 89.475678057
205 210 8971.398922679
206 210 16536.088263771
207 210 0.000000000
208 210 -145.786159013
209 210 89.475678057
210 210 4188913.811363169
211 211 11291989.176066611
212 211 789905.341793990
213 211 -1059098.548062097
214 211 -5991.555519383
215 211 89321.887508194
216 211 26730.123043627
211 212 789905.341793990
212 212 12292474.971335597
213 212 1555679.259081391
214 212 -95106.442672425
215 212 5991.555519383
216 212 24629.048478639
211 213 -1059098.548062097
212 213 1555679.259081391
213 213 5514680.146335707
214 213 -21577.197823241
215 213 -18385.976481794
216 213 -0.000000000
211 214 -5991.555519383
212 214 -95106.442672425
213 214 -21577.197823241
214 214 4191565.238971393
215 214 0.068618105
216 214 -907.984752125
211 215 89321.887508194
212 215 5991.555519383
213 215 -18385.976481794
214 215 0.068618105
215 215 4191565.278064012
216 215 801.011264494
211 216 26730.123043627
212 216 24629.048478639
213 216 -0.000000000
214 216 -907.984752125
215 216 801.011264494
216 216 4189447.468793030
217 217 9941040.551111551
218 217 753652.511248461
219 217 -1709577.258188879
220 217 -3780.941305841
221 217 68767.553886346
222 217 23028.628522114
217 218 753652.511248461
218 218 12802258.377948686
219 218 1213800.194101352
220 218 -82781.908467975
221 218 3780.941305841
222 218 24719.989463039
217 219 -1709577.258188879
218 219 1213800.194101352
219 219 6025686.676241638
220 219 -16921.494717414
221 219 -17566.160716004
222 219 0.000000000
217 220 -3780.941305841
218 220 -82781.908467975
219 220 -16921.494717414
220 220 4189983.876196279
221 220 0.002636945
222 220 -329.236427891
217 221 68767.553886346
218 221 3780.941305841
219 221 -17566.160716004
220 221 0.002636945
221 221 4189983.884210140
222 221 318.697016172
217 222 23028.628522114
218 222 24719.989463039
219 222 0.000000000
220 222 -329.236427891
221 222 318.697016172
222 222 4189199.838961440
223 223 15729954.811701152
224 223 1246184.989540126
225 223 -1424543.181490734
226 223 -4394.003279299
227 223 301757.953128478
228 223 101215.802820121
223 224 1246184.989540126
224 224 17531101.350967426
225 224 2480684.057211583
226 224 -295665.014441684
227 224 4394.003279299
228 224 20669.707142983
223 225 -1424543.181490734
224 225 2480684.057211583
225 225 6320090.758044112
226 225 -84941.744994835
227 225 -11039.128569440
228 225 0.000000000
223 226 -4394.003279299
224 226 -295665.014441684
225 226 -84941.744994835
226 226 4233553.730678390
227 226 -6.869587605
228 226 2223.104746093
223 227 301757.953128478
224 227 4394.003279299
225 227 -11039.128569440
226 227 -6.869587605
227 227 4233517.985709021
228 227 15221.977788309
223 228 101215.802820121
224 228 20669.707142983
225 228 0.000000000
226 228 2223.104746093
227 228 15221.977788309
228 228 4194969.164894306
229 229 33865228.294316709
230 229 4330728.285872422
231 229 -6238507.958579864
232 229 29653.914630703
233 229 -225310.904996680
234 229 -99180.613320889
229 230 4330728.285872422
230 230 42951143.139082171
231 230 6456160.320157772
232 230 278912.064593336
233 230 -29653.914630703
234 230 -181252.070075150
229 231 -6238507.958579864
230 231 6456160.320157772
231 231 11686661.303335071
232 231 69727.627740122
233 231 115880.933987412
234 231 -0.000000000
229 232 29653.914630703
230 232 278912.064593336
231 232 69727.627740122
232 232 4368277.469381304
233 232 363.356033362
234 232 -80282.292721613
229 233 -225310.904996680
230 233 -29653.914630703
231 233 115880.933987412
232 233 363.356033362
233 233 4368913.856800885
234 233 52087.309693200
229 234 -99180.613320889
230 234 -181252.070075150
231 234 -0.000000000
232 234 -80282.292721613
233 234 52087.309693200
234 234 4256057.034604561
235 235 7262415.053530521
236 235 808433.422153661
237 235 -1015982.524231423
238 235 -1825.218475513
239 235 14043.603967827
240 235 5209.858709789
235 236 808433.422153661
236 236 7958726.073719027
237 236 763387.283802866
238 236 -16079.387439507
239 236 1825.218475513
240 236 8344.445580902
235 237 -1015982.524231423
236 237 763387.283802866
237 237 4966859.223905937
238 237 -3768.530569371
239 237 -5783.457429464
240 237 -0.000000000
235 238 -1825.218475513
236 238 -16079.387439507
237 238 -3768.530569371
238 238 4188877.118923328
239 238 0.000087520
240 238 -47.599929442
235 239 14043.603967827
236 239 1825.218475513
237 239 -5783.457429464
238 239 0.000087520
239 239 4188877.119047287
240 239 30.326355334
235 240 5209.858709789
236 240 8344.445580902
237 240 -0.000000000
238 240 -47.599929442
239 240 30.326355334
240 240 4188803.767132721
241 241 17970587.110616710
242 241 2572452.289546240
243 241 -3226247.357369270
244 241 774.133986952
245 241 440109.554108952
246 241 25819.688025512
241 242 2572452.289546240
242 242 21272899.016591910
243 242 3345495.239170646
244 242 -574020.973126799
245 242 -774.133986952
246 242 323770.911063529
241 243 -3226247.357369270
242 243 3345495.239170646
243 243 7629081.784530033
244 243 -23524.280909688
245 243 -242249.246482104
246 243 -0.000000000
241 244 774.133986952
242 244 -574020.973126799
243 244 -23524.280909688
244 244 4791124.877937503
245 244 1482.386387001
246 244 -413984.627226335
241 245 440109.554108952
242 245 -774.133986952
243 245 -242249.246482104
244 245 1482.386387001
245 245 4831708.380589531
246 245 22213.628602196
241 246 25819.688025512
242 246 323770.911063529
243 246 -0.000000000
244 246 -413984.627226335
245 246 22213.628602196
246 246 4477294.675295955
247 247 10720621.410579499
248 247 1051796.215828503
249 247 -1158695.521582968
250 247 -1963.345343461
251 247 43154.201605935
252 247 10296.162033548
247 248 1051796.215828503
248 248 11324655.864531318
249 248 1377995.758009956
250 248 -44922.274809109
251 248 1963.345343461
252 248 7822.689291497
247 249 -1158695.521582968
248 249 1377995.758009956
249 249 5275496.103901999
250 249 -8293.264297533
251 249 -4902.752400357
252 249 -0.000000000
247 250 -1963.345343461
248 250 -44922.274809109
249 250 -8293.264297533
250 250 4189262.017003926
251 250 -0.000003791
252 250 -18.412765347
247 251 43154.201605935
248 251 1963.345343461
249 251 -4902.752400357
250 251 -0.000003791
251 251 4189262.017174988
252 251 86.399350732
247 252 10296.162033548
248 252 7822.689291497
249 252 -0.000000000
250 252 -18.412765347
251 252 86.399350732
252 252 4188828.983983143
253 253 8641484.750213278
254 253 1159860.817389243
255 253 -1581296.224003622
256 253 -4518.577493300
257 253 37690.863366073
258 253 14612.679245944
253 254 1159860.817389243
254 254 10188556.944172867
255 254 1087268.769577664
256 254 -41361.413646240
257 254 4518.577493300
258 254 20480.186796386
253 255 -1581296.224003622
254 255 1087268.769577664
255 255 5508281.420191093
256 255 -11067.083463381
257 255 -14477.489915669
258 255 0.000000000
253 256 -4518.577493300
254 256 -41361.413646240
255 256 -11067.083463381
256 256 4190201.565404339
257 256 0.051442837
258 256 -523.017446862
253 257 37690.863366073
254 257 4518.577493300
255 257 -14477.489915669
256 257 0.051442837
257 257 4190201.561348143
258 257 506.464328085
253 258 14612.679245944
254 258 20480.186796386
255 258 0.000000000
256 258 -523.017446862
257 258 506.464328085
258 258 4189151.479471539
259 259 26411409.234827459
260 259 1727033.122063544
261 259 -1683906.315838606
262 259 -4732.895531065
263 259 142189.906141613
264 259 40401.764415805
259 260 1727033.122063544
260 260 27663801.261484694
261 260 4634269.717966891
262 260 -145522.668566172
263 260 4732.895531065
264 260 19014.470831899
259 261 -1683906.315838606
260 261 4634269.717966891
261 261 7378008.239314495
262 261 -32876.179788425
263 261 -12334.654108228
264 261 -0.000000000
259 262 -4732.895531065
260 262 -145522.668566172
261 262 -32876.179788425
262 262 4189851.494588397
263 262 0.000446659
264 262 -135.125286993
259 263 142189.906141613
260 263 4732.895531065
261 263 -12334.654108228
262 263 0.000446659
263 263 4189851.495142732
264 263 281.079535971
259 264 40401.764415805
260 264 19014.470831899
261 264 -0.000000000
262 264 -135.125286993
263 264 281.079535971
264 264 4188986.288092091
265 265 15848511.981152400
266 265 285638.989548149
267 265 63496.375461177
268 265 736.303573874
269 265 226301.648442093
270 265 73878.117662331
265 266 285638.989548149
266 266 17012150.758552473
267 266 2805384.673952234
268 266 -226460.287361158
269 266 -736.303573874
270 266 -12739.490451645
265 267 63496.375461177
266 267 2805384.673952234
267 267 6352736.043169673
268 267 -61862.635736460
269 267 9565.032198741
270 267 -0.000000000
265 268 736.303573874
266 268 -226460.287361158
267 268 -61862.635736460
268 268 4196960.560339011
269 268 0.030062291
270 268 425.469163147
265 269 226301.648442093
266 269 -736.303573874
267 269 9565.032198741
268 269 0.030062291
269 269 4196960.425422158
270 269 2464.030061701
265 270 73878.117662331
266 270 -12739.490451645
267 270 -0.000000000
268 270 425.469163147
269 270 2464.030061701
270 270 4190157.091773519
271 271 9155785.652661581
272 271 255228.072425840
273 271 -285520.274479296
274 271 -861.880940506
275 271 42310.443920845
276 271 13241.437145646
271 272 255228.072425840
272 272 8990645.985444965
273 272 1205451.965648121
274 272 -41676.732124136
275 272 861.880940506
276 272 4402.160412337
271 273 -285520.274479296
272 273 1205451.965648121
273 273 4838022.032012668
274 273 -11196.842527475
275 273 -2530.656096679
276 273 -0.000000000
271 274 -861.880940506
272 274 -41676.732124136
273 274 -11196.842527475
274 274 4189219.226620336
275 274 0.000077565
276 274 -27.131131419
271 275 42310.443920845
272 275 861.880940506
273 275 -2530.656096679
274 275 0.000077565
275 275 4189219.226641811
276 275 128.459623031
271 276 13241.437145646
272 276 4402.160412337
273 276 -0.000000000
274 276 -27.131131419
275 276 128.459623031
276 276 4188843.909396557
277 277 14252264.190672282
278 277 907756.499851034
279 277 -910848.209135274
280 277 -35662.211532767
281 277 315968.897402823
282 277 122280.737680116
277 278 907756.499851034
278 278 16619445.706812710
279 278 2383952.594413188
280 278 -367548.951341617
281 278 35662.211532767
282 278 158623.329490504
277 279 -910848.209135274
278 279 2383952.594413188
279 279 6612429.164334148
280 279 -88050.843414363
281 279 -103148.211975214
282 279 0.000000000
277 280 -35662.211532767
278 280 -367548.951341617
279 280 -88050.843414363
280 280 4221175.142445665
281 280 19.858342337
282 280 -18019.430185871
277 281 315968.897402823
278 281 35662.211532767
279 281 -103148.211975214
280 281 19.858342337
281 281 4221204.117369688
282 281 10793.658231312
277 282 122280.737680116
278 282 158623.329490504
279 282 0.000000000
280 282 -18019.430185871
281 282 10793.658231312
282 282 4204663.796135942
283 283 9444597.113113854
284 283 276032.098936067
285 283 -484023.674230357
286 283 -902.010318005
287 283 37095.948095790
288 283 8810.225055718
283 284 276032.098936067
284 284 9062520.215139590
285 284 1093757.943028142
286 284 -35706.540593460
287 284 902.010318005
288 284 3637.744856411
283 285 -484023.674230357
284 285 1093757.943028142
285 285 4551488.123411472
286 285 -8136.271547937
287 285 -3301.463932683
288 285 -0.000000000
283 286 -902.010318005
284 286 -35706.540593460
285 286 -8136.271547937
286 286 4189046.542635247
287 286 0.000026583
288 286 -23.941032815
283 287 37095.948095790
284 287 902.010318005
285 287 -3301.463932683
286 287 0.000026583
287 287 4189046.542578894
288 287 64.511800584
283 288 8810.225055718
284 288 3637.744856411
285 288 -0.000000000
286 288 -23.941032815
287 288 64.511800584
288 288 4188787.804662046
289 289 11154262.014323512
290 289 386495.505997949
291 289 -560459.113069972
292 289 -699.546594479
293 289 33050.956017316
294 289 9937.089421126
289 290 386495.505997949
290 290 10144990.409809040
291 290 1773944.165386787
292 290 -30574.112560274
293 290 699.546594479
294 290 2509.907307895
289 291 -560459.113069972
290 291 1773944.165386787
291 291 4821899.258051409
292 291 -9017.923411212
293 291 -2252.410819172
294 291 -0.000000000
289 292 -699.546594479
290 292 -30574.112560274
291 292 -9017.923411212
292 292 4188950.552944776
293 292 0.000007424
294 292 -11.242031311
289 293 33050.956017316
290 293 699.546594479
291 293 -2252.410819172
292 293 0.000007424
293 293 4188950.552901497
294 293 53.484840436
289 294 9937.089421126
290 294 2509.907307895
291 294 -0.000000000
292 294 -11.242031311
293 294 53.484840436
294 294 4188784.007939025
295 295 15145133.285133436
296 295 97991.839036888
297 295 -215929.794042143
298 295 -670.810109082
299 295 68739.239526478
300 295 16859.217005358
295 296 97991.839036888
296 296 13927536.527814150
297 296 2417109.336557596
298 296 -65138.957662854
299 296 670.810109082
300 296 2950.622893230
295 297 -215929.794042143
296 297 2417109.336557596
297 297 4860890.000171345
298 297 -15825.104023901
299 297 -2773.344348994
300 297 -0.000000000
295 298 -670.810109082
296 298 -65138.957662854
297 298 -15825.104023901
298 298 4189259.276406081
299 298 0.000034875
300 298 -26.527209268
295 299 68739.239526478
296 299 670.810109082
297 299 -2773.344348994
298 299 0.000034875
299 299 4189259.276287657
300 299 120.001715834
295 300 16859.217005358
296 300 2950.622893230
297 300 -0.000000000
298 300 -26.527209268
299 300 120.001715834
300 300 4188798.906147751
301 301 18494894.683095966
302 301 373568.514671781
303 301 -783286.817896241
304 301 -851.827331570
305 301 57548.646899687
306 301 13048.192789034
301 302 373568.514671781
302 302 16843968.496162780
303 302 3180436.570286554
304 302 -55050.079027431
305 302 851.827331570
306 302 3943.974987342
301 303 -783286.817896241
302 303 3180436.570286554
303 303 5204259.307831809
304 303 -12243.085482456
305 303 -3698.624891763
306 303 0.000000000
301 304 -851.827331570
302 304 -55050.079027431
303 304 -12243.085482456
304 304 4189089.609577308
305 304 0.000010696
306 304 -20.099576797
301 305 57548.646899687
302 305 851.827331570
303 305 -3698.624891763
304 305 0.000010696
305 305 4189089.609541290
306 305 68.263651950
301 306 13048.192789034
302 306 3943.974987342
303 306 0.000000000
304 306 -20.099576797
305 306 68.263651950
306 306 4188783.759497942
307 307 6701582.584009660
308 307 221987.665011391
309 307 -414941.397618468
310 307 -521.038889092
311 307 12758.555629872
312 307 3017.767580305
307 308 221987.665011391
308 308 6560767.837681458
309 308 552634.958546655
310 308 -12527.260514592
311 308 521.038889092
312 308 2474.110938781
307 309 -414941.397618468
308 309 552634.958546655
309 309 4413577.334310027
310 309 -2749.694071703
311 309 -2263.573190773
312 309 -0.000000000
307 310 -521.038889092
308 310 -12527.260514592
309 310 -2749.694071703
310 310 4188846.284028211
311 310 0.000011170
312 310 -14.767638624
307 311 12758.555629872
308 311 521.038889092
309 311 -2263.573190773
310 311 0.000011170
311 311 4188846.284028524
312 311 16.371142964
307 312 3017.767580305
308 312 2474.110938781
309 312 -0.000000000
310 312 -14.767638624
311 312 16.371142964
312 312 4188773.625526114
313 313 18838047.511607397
314 313 -149554.317079928
315 313 306148.668937660
316 313 115.680214824
317 313 55717.023894763
318 313 16439.328969464
313 314 -149554.317079928
314 314 17005754.773135737
315 314 3381870.797227853
316 314 -51327.356134492
317 314 -115.680214824
318 314 -612.296705569
313 315 306148.668937660
314 315 3381870.797227853
315 315 5198435.529310403
316 315 -15013.047094749
317 315 579.553351998
318 315 0.000000000
313 316 115.680214824
314 316 -51327.356134492
315 316 -15013.047094749
316 316 4189057.729573869
317 316 0.000005198
318 316 -0.286303388
313 317 55717.023894763
314 317 -115.680214824
315 317 579.553351998
316 317 0.000005198
317 317 4189057.729461356
318 317 90.621433534
313 318 16439.328969464
314 318 -612.296705569
315 318 0.000000000
316 318 -0.286303388
317 318 90.621433534
318 318 4188796.361515550
319 319 7993843.751454760
320 319 201812.021252930
321 319 -352908.196208856
322 319 -442.655252070
323 319 19523.718063746
324 319 5097.953030021
319 320 201812.021252930
320 320 7590772.027100333
321 320 877226.384522573
322 320 -18477.682563760
323 320 442.655252070
324 320 1821.191622611
319 321 -352908.196208856
320 321 877226.384522573
321 321 4471355.737110543
322 321 -4719.258877463
323 321 -1677.546924654
324 321 0.000000000
319 322 -442.655252070
320 322 -18477.682563760
321 322 -4719.258877463
322 322 4188880.324159291
323 322 0.000005821
324 322 -9.097420396
319 323 19523.718063746
320 323 442.655252070
321 323 -1677.546924654
322 323 0.000005821
323 323 4188880.324139236
324 323 28.712219728
319 324 5097.953030021
320 324 1821.191622611
321 324 0.000000000
322 324 -9.097420396
323 324 28.712219728
324 324 4188775.439396932
325 325 10750301.954567958
326 325 752417.496906973
327 325 -1234838.636177761
328 325 -1888.031253545
329 325 28610.660054295
330 325 9869.035177060
325 326 752417.496906973
326 326 10314878.950140610
327 326 1557481.636656807
328 326 -27050.002764673
329 326 1888.031253545
330 326 6689.143430836
325 327 -1234838.636177761
326 327 1557481.636656807
327 327 4958475.232778577
328 327 -8394.895402152
329 327 -5711.116772587
330 327 0.000000000
325 328 -1888.031253545
326 328 -27050.002764673
327 328 -8394.895402152
328 328 4188921.497376025
329 328 0.000051864
330 328 -34.828340545
325 329 28610.660054295
326 329 1888.031253545
327 329 -5711.116772587
328 329 0.000051864
329 329 4188921.497325290
330 329 54.572377994
325 330 9869.035177060
326 330 6689.143430836
327 330 0.000000000
328 330 -34.828340545
329 330 54.572377994
330 330 4188795.392695380
331 331 8158758.534658570
332 331 -88123.683603897
333 331 252388.597772657
334 331 178.759608235
335 331 17474.774418252
336 331 3438.978721811
331 332 -88123.683603897
332 332 7863114.662813731
333 332 774987.800830663
334 332 -17004.203077236
335 332 -178.759608235
336 332 -1368.253463298
331 333 252388.597772657
332 333 774987.800830663
333 333 4418453.560704228
334 333 -3251.831355126
335 333 1260.501897461
336 333 -0.000000000
331 334 178.759608235
332 334 -17004.203077236
333 334 -3251.831355126
334 334 4188857.009310603
335 334 -0.000002168
336 334 7.059075150
331 335 17474.774418252
332 335 -178.759608235
333 335 1260.501897461
334 335 -0.000002168
335 335 4188857.009307769
336 335 15.832285570
331 336 3438.978721811
332 336 -1368.253463298
333 336 -0.000000000
334 336 7.059075150
335 336 15.832285570
336 336 4188771.706773883
337 337 14226891.880200196
338 337 1029340.500994350
339 337 -1660538.940328264
340 337 -2342.415664559
341 337 40032.444866304
342 337 12318.249079003
337 338 1029340.500994350
338 338 13513611.511377933
339 338 2410043.529655040
340 338 -38678.701539428
341 338 2342.415664559
342 338 9037.497677214
337 339 -1660538.940328264
338 339 2410043.529655040
339 339 5251761.437186453
340 339 -10779.219713454
341 339 -7850.138651469
342 339 -0.000000000
337 340 -2342.415664559
338 340 -38678.701539428
339 340 -10779.219713454
340 340 4188951.044561920
341 340 0.000036065
342 340 -42.943297937
337 341 40032.444866304
338 341 2342.415664559
339 341 -7850.138651469
340 341 0.000036065
341 341 4188951.044556772
342 341 54.971119448
337 342 12318.249079003
338 342 9037.497677214
339 342 -0.000000000
340 342 -42.943297937
341 342 54.971119448
342 342 4188794.959036784
343 343 10945139.260801483
344 343 9172.983814508
345 343 -28387.879356795
346 343 101.501332796
347 343 34506.322522501
348 343 9957.092492464
343 344 9172.983814508
344 344 10007715.379530264
345 344 1618506.734932896
346 344 -31872.257961815
347 344 -101.501332796
348 344 -375.723375366
343 345 -28387.879356795
344 345 1618506.734932896
345 345 4667259.715440644
346 345 -9151.826611368
347 345 346.040387718
348 345 -0.000000000
343 346 101.501332796
344 346 -31872.257961815
345 346 -9151.826611368
346 346 4188964.842381053
347 346 -0.000005363
348 346 3.659778455
343 347 34506.322522501
344 347 -101.501332796
345 347 346.040387718
346 347 -0.000005363
347 347 4188964.842328764
348 347 57.428197849
343 348 9957.092492464
344 348 -375.723375366
345 348 -0.000000000
346 348 3.659778455
347 348 57.428197849
348 348 4188784.377556680
349 349 8659025.117518857
350 349 367330.483212513
351 349 -653581.397207678
352 349 -830.150808973
353 349 18555.096586037
354 349 5540.916969597
349 350 367330.483212513
350 350 8292367.006607872
351 350 1035044.175675491
352 350 -17597.335020733
353 350 830.150808973
354 350 3249.165688351
349 351 -653581.397207678
350 351 1035044.175675491
351 351 4593823.529107123
352 351 -4938.777158811
353 351 -2909.760563326
354 351 -0.000000000
349 352 -830.150808973
350 352 -17597.335020733
351 352 -4938.777158811
352 352 4188859.919707726
353 352 0.000013634
354 352 -15.814285905
349 353 18555.096586037
350 353 830.150808973
351 353 -2909.760563326
352 353 0.000013634
353 353 4188859.919689014
354 353 28.145328025
349 354 5540.916969597
350 354 3249.165688351
351 354 -0.000000000
352 354 -15.814285905
353 354 28.145328025
354 354 4188778.792451546
355 355 7935179.316673420
356 355 143617.280911445
357 355 -249812.669995958
358 355 -182.220705877
359 355 8310.369418321
360 355 2043.656035136
355 356 143617.280911445
356 356 7285233.834311688
357 356 966055.941052454
358 356 -7943.354373419
359 356 182.220705877
360 356 974.106100471
355 357 -249812.669995958
356 357 966055.941052454
357 357 4553259.297534785
358 357 -1860.475903338
359 357 -901.987762459
360 357 -0.000000000
355 358 -182.220705877
356 358 -7943.354373419
357 358 -1860.475903338
358 358 4188804.384407063
359 358 0.000002285
360 358 -4.947419100
355 359 8310.369418321
356 359 182.220705877
357 359 -901.987762459
358 359 0.000002285
359 359 4188804.384406441
360 359 6.985003080
355 360 2043.656035136
356 360 974.106100471
357 360 -0.000000000
358 360 -4.947419100
359 360 6.985003080
360 360 4188769.514829054
361 361 12893110.480482098
362 361 754872.882155089
363 361 -1257319.839696643
364 361 -1163.085431096
365 361 33255.935870670
366 361 8935.197487131
361 362 754872.882155089
362 362 12212158.684851252
363 362 2054993.258984327
364 362 -31762.725111105
365 362 1163.085431096
366 362 4843.642699436
361 363 -1257319.839696643
362 363 2054993.258984327
363 363 5048918.163918343
364 363 -8123.394391952
365 363 -4373.049696379
366 363 -0.000000000
361 364 -1163.085431096
362 364 -31762.725111105
363 364 -8123.394391952
364 364 4188919.595029646
365 364 0.000008349
366 364 -19.407007992
361 365 33255.935870670
362 365 1163.085431096
363 365 -4373.049696379
364 365 0.000008349
365 365 4188919.595015791
366 365 38.253497432
361 366 8935.197487131
362 366 4843.642699436
363 366 -0.000000000
364 366 -19.407007992
365 366 38.253497432
366 366 4188780.021385869
367 367 19211214.073856294
368 367 504226.081118043
369 367 -648251.704146324
370 367 -617.419597438
371 367 70278.738326153
372 367 18843.355172630
367 368 504226.081118043
368 368 17281281.148039766
369 368 3612851.470550067
370 368 -65999.966073952
371 368 617.419597438
372 368 2147.643595013
367 369 -648251.704146324
368 369 3612851.470550067
369 369 5473026.509059221
370 369 -17339.524330057
371 369 -1949.023055322
372 369 -0.000000000
367 370 -617.419597438
368 370 -65999.966073952
369 370 -17339.524330057
370 370 4189161.261870224
371 370 0.000004275
372 370 -8.521072984
367 371 70278.738326153
368 371 617.419597438
369 371 -1949.023055322
370 371 0.000004275
371 371 4189161.261804764
372 371 100.614873478
367 372 18843.355172630
368 372 2147.643595013
369 372 -0.000000000
370 372 -8.521072984
371 372 100.614873478
372 372 4188795.111885934
373 373 17156362.914754130
374 373 185069.838107160
375 373 -311814.257752838
376 373 -248.660512442
377 373 56206.111586114
378 373 14624.840310639
373 374 185069.838107160
374 374 15552369.049949242
375 374 2981949.658888794
376 374 -52725.253192556
377 374 248.660512442
378 374 948.528734850
373 375 -311814.257752838
374 375 2981949.658888794
375 375 5020822.711601663
376 375 -13629.129948516
377 375 -870.117518117
378 375 -0.000000000
373 376 -248.660512442
374 376 -52725.253192556
375 376 -13629.129948516
376 376 4189035.724707069
377 376 -0.000001851
378 376 -1.575612303
373 377 56206.111586114
374 377 248.660512442
375 377 -870.117518117
376 377 -0.000001851
377 377 4189035.724671374
378 377 68.642902604
373 378 14624.840310639
374 378 948.528734850
375 378 -0.000000000
376 378 -1.575612303
377 378 68.642902604
378 378 4188785.584596189
379 379 5779051.905708320
380 379 121281.858012009
381 379 -209284.516109858
382 379 -289.107472412
383 379 8378.721677236
384 379 2090.036383865
379 380 121281.858012009
380 380 5638051.479978153
381 380 360312.225933569
382 380 -8058.079867416
383 380 289.107472412
384 380 1241.787136593
379 381 -209284.516109858
380 381 360312.225933569
381 381 4322561.596607807
382 381 -1906.986244776
383 381 -1135.004963485
384 381 0.000000000
379 382 -289.107472412
380 382 -8058.079867416
381 382 -1906.986244776
382 382 4188817.488847440
383 382 0.000004484
384 382 -6.855492637
379 383 8378.721677236
380 383 289.107472412
381 383 -1135.004963485
382 383 0.000004484
383 383 4188817.488843051
384 383 11.260643221
379 384 2090.036383865
380 384 1241.787136593
381 384 0.000000000
382 384 -6.855492637
383 384 11.260643221
384 384 4188770.862791385
385 385 18460794.211965095
386 385 85999.967964226
387 385 -200110.115418790
388 385 381.424072067
389 385 69209.593609412
390 385 18861.679858463
385 386 85999.967964226
386 386 16848578.544954613
387 386 3311898.680757953
388 386 -64616.352571796
389 386 -381.424072067
390 386 -1424.898388974
385 387 -200110.115418790
386 387 3311898.680757953
387 387 5206794.747904903
388 387 -17485.426427835
389 387 1330.538248217
390 387 0.000000000
385 388 381.424072067
386 388 -64616.352571796
387 388 -17485.426427835
388 388 4189153.020456214
389 388 -0.000011185
390 388 11.861692043
385 389 69209.593609412
386 389 -381.424072067
387 389 1330.538248217
388 389 -0.000011185
389 389 4189153.020380834
390 389 105.344086622
385 390 18861.679858463
386 390 -1424.898388974
387 390 0.000000000
388 390 11.861692043
389 390 105.344086622
390 390 4188797.015770340
391 391 10423744.338371409
392 391 658527.145158627
393 391 -1065684.447076986
394 391 -1263.246102603
395 391 22621.791416346
396 391 7683.958717931
391 392 658527.145158627
392 392 9914715.702962119
393 392 1533241.800401023
394 392 -21147.372619049
395 392 1263.246102603
396 392 4451.115929008
391 393 -1065684.447076986
392 393 1533241.800401023
393 393 4883804.598790961
394 393 -6690.072064247
395 393 -3884.575479077
396 393 -0.000000000
391 394 -1263.246102603
392 394 -21147.372619049
393 394 -6690.072064247
394 394 4188879.925963934
395 394 0.000018203
396 394 -20.873943828
391 395 22621.791416346
392 395 1263.246102603
393 395 -3884.575479077
394 395 0.000018203
395 395 4188879.925937650
396 395 38.301799041
391 396 7683.958717931
392 396 4451.115929008
393 396 -0.000000000
394 396 -20.873943828
395 396 38.301799041
396 396 4188784.243817468
397 397 27243387.925057411
398 397 337130.777045074
399 397 -645160.598373542
400 397 -552.748258833
401 397 76633.821814517
402 397 14097.037988535
397 398 337130.777045074
398 398 24329886.076434601
399 398 4743912.008387567
400 398 -73928.434102027
401 398 552.748258833
402 398 3007.691688735
397 399 -645160.598373542
398 399 4743912.008387567
399 399 5796577.549262280
400 399 -13161.533555616
401 399 -2828.922879107
402 399 0.000000000
397 400 -552.748258833
398 400 -73928.434102027
399 400 -13161.533555616
400 400 4189133.230099202
401 400 0.000003657
402 400 -13.853823132
397 401 76633.821814517
398 401 552.748258833
399 401 -2828.922879107
400 401 0.000003657
401 401 4189133.230086046
402 401 56.328750706
397 402 14097.037988535
398 402 3007.691688735
399 402 0.000000000
400 402 -13.853823132
401 402 56.328750706
402 402 4188778.524106331
403 403 9316160.496350504
404 403 203926.893849972
405 403 -340545.928577019
406 403 -365.859109911
407 403 25548.777846423
408 403 6919.724434723
403 404 203926.893849972
404 404 8690582.106880900
405 404 1213672.856472081
406 404 -23930.291602982
407 404 365.859109911
408 404 1463.947005941
403 405 -340545.928577019
404 405 1213672.856472081
405 405 4574643.131224623
406 405 -6392.157132904
407 405 -1341.067619447
408 405 -0.000000000
403 406 -365.859109911
404 406 -23930.291602982
405 406 -6392.157132904
406 406 4188911.940204600
407 406 0.000003462
408 406 -6.472141627
403 407 25548.777846423
404 407 365.859109911
405 407 -1341.067619447
406 407 0.000003462
407 407 4188911.940176470
408 407 38.429408027
403 408 6919.724434723
404 408 1463.947005941
405 408 -0.000000000
406 408 -6.472141627
407 408 38.429408027
408 408 4188778.112296808
409 409 15440317.653173545
410 409 1014756.724247008
411 409 -1794541.021721031
412 409 -2199.802741178
413 409 42432.630113242
414 409 11711.878705460
409 410 1014756.724247008
410 410 14642766.454020986
411 410 2648431.300594990
412 410 -41546.476910653
413 410 2199.802741178
414 410 9468.502996706
409 411 -1794541.021721031
410 411 2648431.300594990
411 411 5322932.792455534
412 411 -10440.785540290
413 411 -8426.353759984
414 411 -0.000000000
409 412 -2199.802741178
410 412 -41546.476910653
411 412 -10440.785540290
412 412 4188961.861481254
413 412 0.000023622
414 412 -44.047806905
409 413 42432.630113242
410 413 2199.802741178
411 413 -8426.353759984
412 413 0.000023622
413 413 4188961.861477391
414 413 50.923374497
409 414 11711.878705460
410 414 9468.502996706
411 414 -0.000000000
412 414 -44.047806905
413 414 50.923374497
414 414 4188791.157396283
415 415 14911865.997613374
416 415 459750.788593544
417 415 -827741.176321500
418 415 -904.264630027
419 415 49113.221789249
420 415 12527.727928348
415 416 459750.788593544
416 416 13491735.673024932
417 416 2161602.787200917
418 416 -46282.768671441
419 416 904.264630027
420 416 3903.369982849
415 417 -827741.176321500
416 417 2161602.787200917
417 417 4976774.854012285
418 417 -11271.382860408
419 417 -3573.355860951
420 417 0.000000000
415 418 -904.264630027
416 418 -46282.768671441
417 418 -11271.382860408
418 418 4189028.130184116
419 418 0.000011170
420 418 -18.620768723
415 419 49113.221789249
416 419 904.264630027
417 419 -3573.355860951
418 419 0.000011170
419 419 4189028.130142732
420 419 65.402475580
415 420 12527.727928348
416 420 3903.369982849
417 420 0.000000000
418 420 -18.620768723
419 420 65.402475580
420 420 4188786.464477900
421 421 11830779.131855560
422 421 891348.235572513
423 421 -1320399.230590214
424 421 -1827.162917432
425 421 33835.439359227
426 421 10624.494116134
421 422 891348.235572513
422 422 11180994.089779831
423 422 1941210.772718437
424 422 -32243.893345543
425 422 1827.162917432
426 422 6809.348194737
421 423 -1320399.230590214
422 423 1941210.772718437
423 423 5094696.319142589
424 423 -9342.799672822
425 423 -5947.172147314
426 423 0.000000000
421 424 -1827.162917432
422 424 -32243.893345543
423 424 -9342.799672822
424 424 4188929.638231101
425 424 0.000016046
426 424 -28.811105703
421 425 33835.439359227
422 425 1827.162917432
423 425 -5947.172147314
424 425 0.000016046
425 425 4188929.638210290
426 425 48.399616232
421 426 10624.494116134
422 426 6809.348194737
423 426 0.000000000
424 426 -28.811105703
425 426 48.399616232
426 426 4188787.452388685
427 427 10902247.111869888
428 427 166807.179377645
429 427 -321666.568083910
430 427 -139.210812403
431 427 29188.132193750
432 427 6242.240290988
427 428 166807.179377645
428 428 10354109.883170545
429 428 1355630.574066717
430 428 -27998.706662294
431 428 139.210812403
432 428 683.568273733
427 429 -321666.568083910
428 429 1355630.574066717
429 429 4551577.024671974
430 429 -5930.631716449
431 429 -638.998565974
432 429 -0.000000000
427 430 -139.210812403
428 430 -27998.706662294
429 430 -5930.631716449
430 430 4188921.965388382
431 430 -0.000000570
432 430 -1.431748961
427 431 29188.132193750
428 431 139.210812403
429 431 -638.998565974
430 431 -0.000000570
431 431 4188921.965371985
432 431 32.717926519
427 432 6242.240290988
428 432 683.568273733
429 432 -0.000000000
430 432 -1.431748961
431 432 32.717926519
432 432 4188774.643164523
433 433 44943023.301239200
434 433 -404117.920467807
435 433 2326184.156779028
436 433 2362.028280585
437 433 150915.294176943
438 433 26503.797073059
433 434 -404117.920467807
434 434 42891647.167525493
435 434 7365664.549952266
436 434 -149011.116526293
437 434 -2362.028280585
438 434 -17234.127533502
433 435 2326184.156779028
434 435 7365664.549952266
435 435 6837250.928946457
436 435 -24837.566250527
437 435 16468.063264162
438 435 0.000000000
433 436 2362.028280585
434 436 -149011.116526293
435 436 -24837.566250527
436 436 4189451.636692616
437 436 -0.000025159
438 436 90.567866045
433 437 150915.294176943
434 437 -2362.028280585
435 437 16468.063264162
436 437 -0.000025159
437 437 4189451.636695407
438 437 107.176133727
433 438 26503.797073059
434 438 -17234.127533502
435 438 0.000000000
436 438 90.567866045
437 438 107.176133727
438 438 4188801.575322334
439 439 30945951.779487584
440 439 -44109.949932665
441 439 392514.701384123
442 439 482.807277594
443 439 111410.289626292
444 439 20660.828085075
439 440 -44109.949932665
440 440 29013887.830757350
441 440 4913112.616193928
442 440 -107940.486939724
443 440 -482.807277594
444 440 -3307.593132176
439 441 392514.701384123
440 441 4913112.616193928
441 441 5403705.576949976
442 441 -19772.289303076
443 441 3247.420923116
444 441 -0.000000000
439 442 482.807277594
440 442 -107940.486939724
441 442 -19772.289303076
442 442 4189290.977265229
443 442 -0.000006439
444 442 19.255187063
439 443 111410.289626292
440 443 -482.807277594
441 443 3247.420923116
442 443 -0.000006439
443 443 4189290.977241398
444 443 91.647383432
439 444 20660.828085075
440 444 -3307.593132176
441 444 -0.000000000
442 444 19.255187063
443 444 91.647383432
444 444 4188785.603909636
445 445 17034398.795716591
446 445 1370427.851138929
447 445 -2186445.402227758
448 445 -2573.033044820
449 445 47513.589244339
450 445 13117.887421916
445 446 1370427.851138929
446 446 15987114.632788958
447 446 3097523.674456654
448 446 -46671.095982340
449 446 2573.033044820
450 446 11057.048818705
445 447 -2186445.402227758
446 447 3097523.674456654
447 447 5637929.874952633
448 447 -11662.125045640
449 447 -9820.957508595
450 447 -0.000000000
445 448 -2573.033044820
446 448 -46671.095982340
447 448 -11662.125045640
448 448 4188989.252634549
449 448 0.000026461
450 448 -51.409402218
445 449 47513.589244339
446 449 2573.033044820
447 449 -9820.957508595
448 449 0.000026461
449 449 4188989.252632299
450 449 57.350252295
445 450 13117.887421916
446 450 11057.048818705
447 450 -0.000000000
448 450 -51.409402218
449 450 57.350252295
450 450 4188794.519699003
451 451 11092700.908378404
452 451 306662.654522433
453 451 -638886.178913792
454 451 -674.101562136
455 451 27568.718244507
456 451 6230.665927010
451 452 306662.654522433
452 452 10434372.277287772
453 452 1492545.046895596
454 452 -26669.887635422
455 452 674.101562136
456 452 3375.365956613
451 453 -638886.178913792
452 453 1492545.046895596
453 453 4674857.305399395
454 453 -5804.018382878
455 453 -3156.420469537
456 453 0.000000000
451 454 -674.101562136
452 454 -26669.887635422
453 454 -5804.018382878
454 454 4188898.595891272
455 454 0.000007137
456 454 -17.025109417
451 455 27568.718244507
452 455 674.101562136
453 455 -3156.420469537
454 455 0.000007137
455 455 4188898.595885926
456 455 27.764753449
451 456 6230.665927010
452 456 3375.365956613
453 456 0.000000000
454 456 -17.025109417
455 456 27.764753449
456 456 4188775.752472233
457 457 13357214.951868517
458 457 661623.741215001
459 457 -1282498.383623668
460 457 -1210.628711779
461 457 34202.747571176
462 457 9801.326831924
457 458 661623.741215001
458 458 12691265.852163376
459 458 2025830.604766788
460 458 -32343.878889452
461 458 1210.628711779
462 458 4890.416447259
457 459 -1282498.383623668
458 459 2025830.604766788
459 459 4986501.922411125
460 459 -8865.975698745
461 459 -4423.693670633
462 459 -0.000000000
457 460 -1210.628711779
458 460 -32343.878889452
459 460 -8865.975698745
460 460 4188919.831894773
461 460 0.000009573
462 460 -19.690450266
457 461 34202.747571176
458 461 1210.628711779
459 461 -4423.693670633
460 461 0.000009573
461 461 4188919.831873757
462 461 44.060462850
457 462 9801.326831924
458 462 4890.416447259
459 462 -0.000000000
460 462 -19.690450266
461 462 44.060462850
462 462 4188782.933170801
463 463 15235901.213238547
464 463 283270.707440591
465 463 -955729.124044182
466 463 -719.011499624
467 463 36267.217386135
468 463 5856.761387184
463 464 283270.707440591
464 464 14731760.902162816
465 464 1937337.820098817
466 464 -36060.142653693
467 464 719.011499624
468 464 5073.561420330
463 465 -955729.124044182
464 465 1937337.820098817
465 465 4766731.624637676
466 465 -5569.110441551
467 465 -4842.827721159
468 465 0.000000000
463 466 -719.011499624
464 466 -36060.142653693
465 466 -5569.110441551
466 466 4188931.148285866
467 466 0.000006553
468 466 -24.612708989
463 467 36267.217386135
464 467 719.011499624
465 467 -4842.827721159
466 467 0.000006553
467 467 4188931.148288467
468 467 23.885937426
463 468 5856.761387184
464 468 5073.561420330
465 468 0.000000000
466 468 -24.612708989
467 468 23.885937426
468 468 4188774.809291578
469 469 12813212.450232344
470 469 195152.692438822
471 469 -276631.902915403
472 469 11.628022153
473 469 27593.313242113
474 469 5116.076546657
469 470 195152.692438822
470 470 12104440.061613373
471 470 1706498.748842831
472 470 -26724.515159684
473 470 -11.628022153
474 470 -199.094251497
469 471 -276631.902915403
470 471 1706498.748842831
471 471 4711066.094192019
472 471 -4887.452936532
473 471 217.344465298
474 471 -0.000000000
469 472 11.628022153
470 472 -26724.515159684
471 472 -4887.452936532
472 472 4188888.223523454
473 472 -0.000000747
474 472 2.274913320
469 473 27593.313242113
470 473 -11.628022153
471 473 217.344465298
472 473 -0.000000747
473 473 4188888.223518396
474 473 20.833215163
469 474 5116.076546657
470 474 -199.094251497
471 474 -0.000000000
472 474 2.274913320
473 474 20.833215163
474 474 4188771.219178744
475 475 21359327.204513606
476 475 126269.422818385
477 475 -170925.291425806
478 475 -537.268676738
479 475 81780.177332751
480 475 15864.892767123
475 476 126269.422818385
476 476 20437187.246395793
477 476 2943739.578245562
478 476 -79033.054772196
479 476 537.268676738
480 476 2921.024618802
475 477 -170925.291425806
476 477 2943739.578245562
477 477 4893364.836558321
478 477 -15185.240129746
479 477 -2815.532923497
480 477 -0.000000000
475 478 -537.268676738
476 478 -79033.054772196
477 478 -15185.240129746
478 478 4189194.188143177
479 478 0.000008015
480 478 -18.042880092
475 479 81780.177332751
476 479 537.268676738
477 479 -2815.532923497
478 479 0.000008015
479 479 4189194.188112064
480 479 82.738371262
475 480 15864.892767123
476 480 2921.024618802
477 480 -0.000000000
478 480 -18.042880092
479 480 82.738371262
480 480 4188785.073196881
481 481 7763680.277473723
482 481 242164.014770488
483 481 -451890.756816091
484 481 -504.996854601
485 481 14410.287915993
486 481 3897.320272421
481 482 242164.014770488
482 482 7376602.973560016
483 482 826697.238722240
484 482 -13728.432627473
485 482 504.996854601
486 482 2202.846238754
481 483 -451890.756816091
482 483 826697.238722240
483 483 4517458.973246678
484 483 -3520.256838264
485 483 -2007.921388728
486 483 0.000000000
481 484 -504.996854601
482 484 -13728.432627473
483 484 -3520.256838264
484 484 4188836.054554039
485 484 0.000005706
486 484 -10.391770015
481 485 14410.287915993
482 485 504.996854601
483 485 -2007.921388728
484 485 0.000005706
485 485 4188836.054547672
486 485 17.788170021
481 486 3897.320272421
482 486 2202.846238754
483 486 0.000000000
484 486 -10.391770015
485 486 17.788170021
486 486 4188773.645408068
487 487 9900393.972430533
488 487 116018.889193918
489 487 -281011.129944836
490 487 -205.170414238
491 487 25460.087780672
492 487 4959.931738423
487 488 116018.889193918
488 488 9477788.821975822
489 488 1037989.949556282
490 488 -24542.749538074
491 488 205.170414238
492 488 1183.659936362
487 489 -281011.129944836
488 489 1037989.949556282
489 489 4444105.133753604
490 489 -4714.404497642
491 489 -1127.479010021
492 489 -0.000000000
487 490 -205.170414238
488 490 -24542.749538074
489 490 -4714.404497642
490 490 4188885.788144893
491 490 0.000000867
492 490 -4.718547214
487 491 25460.087780672
488 491 205.170414238
489 491 -1127.479010021
490 491 0.000000867
491 491 4188885.788137543
492 491 22.525243825
487 492 4959.931738423
488 492 1183.659936362
489 492 -0.000000000
490 492 -4.718547214
491 492 22.525243825
492 492 4188772.301309951
493 493 20235939.153271191
494 493 542420.896707102
495 493 -1169614.265898086
496 493 -817.658120502
497 493 54383.062662808
498 493 16802.394566964
493 494 542420.896707102
494 494 18307922.208691251
495 494 3588132.791823758
496 494 -49763.709397301
497 494 817.658120502
498 494 3326.721395121
493 495 -1169614.265898086
494 495 3588132.791823758
495 495 5422160.619607704
496 495 -15053.936980468
497 495 -3037.562423176
498 495 0.000000000
493 496 -817.658120502
494 496 -49763.709397301
495 496 -15053.936980468
496 496 4188988.918665370
497 496 0.000005238
498 496 -11.256925544
493 497 54383.062662808
494 497 817.658120502
495 497 -3037.562423176
496 497 0.000005238
497 497 4188988.918619508
498 497 72.861368566
493 498 16802.394566964
494 498 3326.721395121
495 498 0.000000000
496 498 -11.256925544
497 498 72.861368566
498 498 4188792.942619889
499 499 13337930.944916086
500 499 129488.891746320
501 499 -379747.311008923
502 499 -355.246197370
503 499 32636.293701990
504 499 6059.266290858
499 500 129488.891746320
500 500 12572941.312083023
501 500 1745745.478773650
502 500 -31725.775276924
503 500 355.246197370
504 500 2221.495408430
499 501 -379747.311008923
500 501 1745745.478773650
501 501 4664738.380604478
502 501 -5770.972200080
503 501 -2142.330699742
504 501 -0.000000000
499 502 -355.246197370
500 502 -31725.775276924
501 502 -5770.972200080
502 502 4188908.541790828
503 502 0.000003055
504 502 -11.063799138
499 503 32636.293701990
500 503 355.246197370
501 503 -2142.330699742
502 503 0.000003055
503 503 4188908.541786589
504 503 24.358701762
499 504 6059.266290858
500 504 2221.495408430
501 504 -0.000000000
502 504 -11.063799138
503 504 24.358701762
504 504 4188772.608501480
505 505 9023117.410030736
506 505 582405.651999579
507 505 -997559.545561952
508 505 -695.611015837
509 505 13466.706026448
510 505 3237.503940695
505 506 582405.651999579
506 506 8857429.434717201
507 506 1092081.790587839
508 506 -13503.496387994
509 506 695.611015837
510 506 3390.470430848
505 507 -997559.545561952
506 507 1092081.790587839
507 507 4758095.414249878
508 507 -2876.268477069
509 507 -3032.637325714
510 507 -0.000000000
505 508 -695.611015837
506 508 -13503.496387994
507 508 -2876.268477069
508 508 4188816.606738082
509 508 0.000002650
510 508 -11.494382356
505 509 13466.706026448
506 509 695.611015837
507 509 -3032.637325714
508 509 0.000002650
509 509 4188816.606738887
510 509 10.298460260
505 510 3237.503940695
506 510 3390.470430848
507 510 -0.000000000
508 510 -11.494382356
509 510 10.298460260
510 510 4188772.208040799
511 511 35546695.642832421
512 511 -380448.038938175
513 511 478297.017700696
514 511 1146.470697704
515 511 131203.850967906
516 511 25258.369173854
511 512 -380448.038938175
512 512 33846777.547051050
513 512 5185937.834816869
514 512 -126913.591323494
515 512 -1146.470697704
516 512 -4929.106726404
511 513 478297.017700696
512 513 5185937.834816869
513 513 5448842.674944505
514 513 -24111.333230351
515 513 4671.605389048
516 513 -0.000000000
511 514 1146.470697704
512 514 -126913.591323494
513 514 -24111.333230351
514 514 4189355.132150338
515 514 -0.000012306
516 514 28.153371740
511 515 131203.850967906
512 515 -1146.470697704
513 515 4671.605389048
514 515 -0.000012306
515 515 4189355.132113567
516 515 116.829429161
511 516 25258.369173854
512 516 -4929.106726404
513 516 -0.000000000
514 516 28.153371740
515 516 116.829429161
516 516 4188794.281153998
517 517 19885421.701358516
518 517 229720.369097926
519 517 -202953.805350036
520 517 -538.721317254
521 517 54741.976686143
522 517 12776.240666719
517 518 229720.369097926
518 518 18667702.536900524
519 518 2744259.550689051
520 518 -51920.637547330
521 518 538.721317254
522 518 1983.977499991
517 519 -202953.805350036
518 519 2744259.550689051
519 519 4919575.379452203
520 519 -11949.725320849
521 519 -1830.401635109
522 519 0.000000000
517 520 -538.721317254
518 520 -51920.637547330
519 520 -11949.725320849
520 520 4188987.297337704
521 520 0.000004575
522 520 -9.624636248
517 521 54741.976686143
518 521 538.721317254
519 521 -1830.401635109
520 521 0.000004575
521 521 4188987.297315554
522 521 54.775171656
517 522 12776.240666719
518 522 1983.977499991
519 522 0.000000000
520 522 -9.624636248
521 522 54.775171656
522 522 4188782.209151997
523 523 18319563.116361711
524 523 510532.406007327
525 523 -1160456.081175366
526 523 -1198.587892769
527 523 52990.141511156
528 523 11457.651546221
523 524 510532.406007327
524 524 17219131.224643011
525 524 2847135.159794742
526 524 -51407.907634924
527 524 1198.587892769
528 524 6111.593849845
523 525 -1160456.081175366
524 525 2847135.159794742
525 525 5052355.185171991
526 525 -10713.130863474
527 525 -5731.865612896
528 525 -0.000000000
523 526 -1198.587892769
524 526 -51407.907634924
525 526 -10713.130863474
526 526 4188992.689931990
527 526 0.000009211
528 526 -28.200666708
523 527 52990.141511156
524 527 1198.587892769
525 527 -5731.865612896
526 527 0.000009211
527 527 4188992.689924669
528 527 46.483504703
523 528 11457.651546221
524 528 6111.593849845
525 528 -0.000000000
526 528 -28.200666708
527 528 46.483504703
528 528 4188781.207093359
529 529 25627672.814581476
530 529 561976.730067715
531 529 -1253612.182825361
532 529 -850.511394449
533 529 57181.151274661
534 529 14733.911841380
529 530 561976.730067715
530 530 23752542.390043225
531 530 4122971.720049648
532 530 -53765.891564044
533 530 850.511394449
534 530 3591.621377876
529 531 -1253612.182825361
530 531 4122971.720049648
531 531 5351243.990078934
532 531 -13615.545683133
533 531 -3333.828656962
534 531 -0.000000000
529 532 -850.511394449
530 532 -53765.891564044
531 532 -13615.545683133
532 532 4188961.338768310
533 532 0.000004204
534 532 -11.957166194
529 533 57181.151274661
530 533 850.511394449
531 533 -3333.828656962
532 533 0.000004204
533 533 4188961.338748781
534 533 53.427336954
529 534 14733.911841380
530 534 3591.621377876
531 534 -0.000000000
532 534 -11.957166194
533 534 53.427336954
534 534 4188783.404811541
535 535 7118889.331066896
536 535 127951.815090447
537 535 -358473.093152679
538 535 -244.688004446
539 535 12156.853054104
540 535 2097.645642724
535 536 127951.815090447
536 536 7057503.518872925
537 536 476676.042660150
538 536 -12021.836176586
539 536 244.688004446
540 536 1518.051991348
535 537 -358473.093152679
536 537 476676.042660150
537 537 4328033.852258813
538 537 -2000.719157537
539 537 -1441.727900687
540 537 0.000000000
535 538 -244.688004446
536 538 -12021.836176586
537 538 -2000.719157537
538 538 4188820.070258629
539 538 0.000001303
540 538 -6.067150195
535 539 12156.853054104
536 539 244.688004446
537 539 -1441.727900687
538 539 0.000001303
539 539 4188820.070257548
540 539 8.822523035
535 540 2097.645642724
536 540 1518.051991348
537 540 0.000000000
538 540 -6.067150195
539 540 8.822523035
540 540 4188769.534651917
541 541 15373925.396916384
542 541 219248.021932784
543 541 -599280.204600762
544 541 -293.470163833
545 541 30972.589548562
546 541 4576.873551458
541 542 219248.021932784
542 542 14502860.494438805
543 542 1917203.611871758
544 542 -30349.655167716
545 542 293.470163833
546 542 2078.938469504
541 543 -599280.204600762
542 543 1917203.611871758
543 543 4713003.715892720
544 543 -4362.180574743
545 543 -2007.898336061
546 543 -0.000000000
541 544 -293.470163833
542 544 -30349.655167716
543 544 -4362.180574743
544 544 4188881.627810004
545 544 0.000001037
546 544 -7.760368523
541 545 30972.589548562
542 545 293.470163833
543 545 -2007.898336061
544 545 0.000001037
545 545 4188881.627808990
546 545 14.388329914
541 546 4576.873551458
542 546 2078.938469504
543 546 -0.000000000
544 546 -7.760368523
545 546 14.388329914
546 546 4188769.981392806
547 547 8453304.420771193
548 547 221098.041514758
549 547 -562015.199526536
550 547 -417.515374851
551 547 14598.148061006
552 547 2826.830853847
547 548 221098.041514758
548 548 8238987.135496455
549 548 822529.752625805
550 548 -14466.336735173
551 548 417.515374851
552 548 2473.112411244
547 549 -562015.199526536
548 549 822529.752625805
549 549 4475464.577148994
550 549 -2643.609840598
551 549 -2323.133133621
552 549 -0.000000000
547 550 -417.515374851
548 550 -14466.336735173
549 550 -2643.609840598
550 550 4188825.762729336
551 550 0.000002227
552 550 -10.104519510
547 551 14598.148061006
548 551 417.515374851
549 551 -2323.133133621
550 551 0.000002227
551 551 4188825.762729738
552 551 10.376232654
547 552 2826.830853847
548 552 2473.112411244
549 552 -0.000000000
550 552 -10.104519510
551 552 10.376232654
552 552 4188770.931833958
553 553 14922617.905598519
554 553 367775.167651330
555 553 -823607.575258913
556 553 -490.546423816
557 553 34706.147216562
558 553 8269.912916125
553 554 367775.167651330
554 554 14054920.772824265
555 554 2212910.860528819
556 554 -33091.969298501
557 554 490.546423816
558 554 2395.870690997
553 555 -823607.575258913
554 555 2212910.860528819
555 555 4819654.926045544
556 555 -7748.666701372
557 555 -2248.163312440
558 555 -0.000000000
553 556 -490.546423816
554 556 -33091.969298501
555 556 -7748.666701372
556 556 4188889.689299185
557 556 0.000000998
558 556 -6.613724167
553 557 34706.147216562
554 557 490.546423816
555 557 -2248.163312440
556 557 0.000000998
557 557 4188889.689290620
558 557 29.662353695
553 558 8269.912916125
554 558 2395.870690997
555 558 -0.000000000
556 558 -6.613724167
557 558 29.662353695
558 558 4188775.225865804
559 559 18415211.704656675
560 559 -158095.523226492
561 559 549649.484825129
562 559 153.297001952
563 559 53703.428126720
564 559 8581.470302425
559 560 -158095.523226492
560 560 17903307.040898465
561 560 2128361.127942898
562 560 -52458.541619633
563 560 -153.297001952
564 560 -1057.992226336
559 561 549649.484825129
560 561 2128361.127942898
561 561 4643099.863035272
562 561 -8320.058380608
563 561 1014.144325205
564 561 0.000000000
559 562 153.297001952
560 562 -52458.541619633
561 562 -8320.058380608
562 562 4188987.171032333
563 562 -0.000000168
564 562 2.673931220
559 563 53703.428126720
560 563 -153.297001952
561 563 1014.144325205
562 563 -0.000000168
563 563 4188987.171025484
564 563 34.891512421
559 564 8581.470302425
560 564 -1057.992226336
561 564 0.000000000
562 564 2.673931220
563 564 34.891512421
564 564 4188773.285182520
565 565 10527143.259410392
566 565 312521.340524240
567 565 -500639.204494147
568 565 -362.161135887
569 565 21147.108946190
570 565 5453.403378119
565 566 312521.340524240
566 566 9921415.177916067
567 566 1461110.252792137
568 566 -20084.443154175
569 566 362.161135887
570 566 1426.585202295
565 567 -500639.204494147
566 567 1461110.252792137
567 567 4685486.238134048
568 567 -5049.287847364
569 567 -1297.509522996
570 567 -0.000000000
565 568 -362.161135887
566 568 -20084.443154175
567 568 -5049.287847364
568 568 4188847.525083758
569 568 0.000000956
570 568 -4.134930096
565 569 21147.108946190
566 569 362.161135887
567 569 -1297.509522996
568 569 0.000000956
569 569 4188847.525078141
570 569 19.954462458
565 570 5453.403378119
566 570 1426.585202295
567 570 -0.000000000
568 570 -4.134930096
569 570 19.954462458
570 570 4188772.845471582
571 571 15050052.911893675
572 571 23214.185056681
573 571 86507.867223421
574 571 54.648256644
575 571 36668.554800492
576 571 4758.179427014
571 572 23214.185056681
572 572 14446237.743698390
573 572 1591559.970371392
574 572 -36031.689393723
575 572 -54.648256644
576 572 -927.158702957
571 573 86507.867223421
572 573 1591559.970371392
573 573 4537784.384885961
574 573 -4604.181603186
575 573 927.483358276
576 573 0.000000000
571 574 54.648256644
572 574 -36031.689393723
573 574 -4604.181603186
574 574 4188912.568889175
575 574 -0.000000744
576 574 5.243314811
571 575 36668.554800492
572 575 -54.648256644
573 575 927.483358276
574 575 -0.000000744
575 575 4188912.568887693
576 575 16.473109884
571 576 4758.179427014
572 576 -927.158702957
573 576 0.000000000
574 576 5.243314811
575 576 16.473109884
576 576 4188769.754750368
577 577 25048804.814506564
578 577 155529.420725558
579 577 -537452.555312999
580 577 -1006.640479960
581 577 67540.530529890
582 577 15364.734488889
577 578 155529.420725558
578 578 23586994.096460480
579 578 4231264.446413601
580 578 -65051.360263944
581 578 1006.640479960
582 578 5129.519813360
577 579 -537452.555312999
578 579 4231264.446413601
579 579 5513594.606654947
580 579 -14364.780750695
581 579 -4864.266562141
582 579 -0.000000000
577 580 -1006.640479960
578 580 -65051.360263944
579 580 -14364.780750695
580 580 4189024.007681122
581 580 0.000008032
582 580 -25.006194776
577 581 67540.530529890
578 581 1006.640479960
579 581 -4864.266562141
580 581 0.000008032
581 581 4189024.007670240
582 581 56.963727261
577 582 15364.734488889
578 582 5129.519813360
579 582 -0.000000000
580 582 -25.006194776
581 582 56.963727261
582 582 4188783.671471592
583 583 44962054.187772974
584 583 -589714.236892901
585 583 1503119.357841704
586 583 1443.109745654
587 583 174895.978242029
588 583 27937.168686853
583 584 -589714.236892901
584 584 43125330.446067266
585 584 5607163.754418201
586 584 -170911.049417630
587 584 -1443.109745654
588 584 -8140.704503077
583 585 1503119.357841704
584 585 5607163.754418201
585 585 5433139.330537028
586 585 -27035.615427085
587 585 7858.592814046
588 585 -0.000000000
583 586 1443.109745654
584 586 -170911.049417630
585 586 -27035.615427085
586 586 4189543.768325262
587 586 -0.000011187
588 586 39.675762523
583 587 174895.978242029
584 587 -1443.109745654
585 587 7858.592814046
586 587 -0.000011187
587 587 4189543.768297370
588 587 127.353827941
583 588 27937.168686853
584 588 -8140.704503077
585 588 -0.000000000
586 588 39.675762523
587 588 127.353827941
588 588 4188792.463484300
589 589 9261853.647556895
590 589 292942.432011808
591 589 -504937.962947433
592 589 -337.914617364
593 589 13355.658339323
594 589 3239.217609179
589 590 292942.432011808
590 590 8738254.526643265
591 590 1137661.228394371
592 590 -12757.075514368
593 590 337.914617364
594 590 1450.730532020
589 591 -504937.962947433
590 591 1137661.228394371
591 591 4569233.917846072
592 591 -2988.687014013
593 591 -1337.581333234
594 591 0.000000000
589 592 -337.914617364
590 592 -12757.075514368
591 592 -2988.687014013
592 592 4188807.203183759
593 592 0.000000615
594 592 -3.995341794
589 593 13355.658339323
590 593 337.914617364
591 593 -1337.581333234
592 593 0.000000615
593 593 4188807.203182681
594 593 8.885309141
589 594 3239.217609179
590 594 1450.730532020
591 594 0.000000000
592 594 -3.995341794
593 594 8.885309141
594 594 4188769.757794613
595 595 11631942.028841443
596 595 91504.967168147
597 595 -241259.439913864
598 595 -17.245741899
599 595 24831.571559972
600 595 4961.532582166
595 596 91504.967168147
596 596 11205819.783945279
597 596 1350042.601394586
598 596 -23967.188520285
599 596 17.245741899
600 596 140.273382932
595 597 -241259.439913864
596 597 1350042.601394586
597 597 4519276.114386041
598 597 -4745.785903822
599 597 -126.727773468
600 597 -0.000000000
595 598 -17.245741899
596 598 -23967.188520285
597 598 -4745.785903822
598 598 4188859.972109871
599 598 -0.000000516
600 598 0.849017782
595 599 24831.571559972
596 599 17.245741899
597 599 -126.727773468
598 599 -0.000000516
599 599 4188859.972105598
600 599 18.635056409
595 600 4961.532582166
596 600 140.273382932
597 600 -0.000000000
598 600 0.849017782
599 600 18.635056409
600 600 4188771.226899210
601 601 17799320.386463400
602 601 101652.281791898
603 601 -693070.647370329
604 601 -231.129800611
605 601 49666.799499236
606 601 9347.963071316
601 602 101652.281791898
602 602 17064036.550049298
603 602 2068793.918575176
604 602 -47955.736339775
605 602 231.129800611
606 602 1892.469664488
601 603 -693070.647370329
602 603 2068793.918575176
603 603 4738470.037435154
604 603 -8947.982509419
605 603 -1818.561580669
606 603 -0.000000000
601 604 -231.129800611
602 604 -47955.736339775
603 604 -8947.982509419
604 604 4188960.999905874
605 604 0.000000909
606 604 -5.885972137
601 605 49666.799499236
602 605 231.129800611
603 605 -1818.561580669
604 605 0.000000909
605 605 4188960.999895627
606 605 38.529609942
601 606 9347.963071316
602 606 1892.469664488
603 606 -0.000000000
604 606 -5.885972137
605 606 38.529609942
606 606 4188775.753053904
607 607 13046175.753571045
608 607 -33460.143867793
609 607 -137448.033963675
610 607 158.152543642
611 607 30383.264566067
612 607 5931.538087205
607 608 -33460.143867793
608 608 12586220.744094566
609 608 1436896.987984352
610 608 -29334.179998644
611 608 -158.152543642
612 608 -420.451635539
607 609 -137448.033963675
608 609 1436896.987984352
609 609 4538806.377863863
610 609 -5658.474490886
611 609 384.701241570
612 609 0.000000000
607 610 158.152543642
608 610 -29334.179998644
609 610 -5658.474490886
610 610 4188883.339365690
611 610 -0.000001305
612 610 3.213570012
607 611 30383.264566067
608 611 -158.152543642
609 611 384.701241570
610 611 -0.000001305
611 611 4188883.339359652
612 611 23.662995536
607 612 5931.538087205
608 612 -420.451635539
609 612 0.000000000
610 612 3.213570012
611 612 23.662995536
612 612 4188772.580077865
613 613 14628943.774584094
614 613 590806.910007106
615 613 -926785.172871865
616 613 -645.169935928
617 613 30658.032746119
618 613 6521.861693992
613 614 590806.910007106
614 614 13584896.504584901
615 614 2156751.686981566
616 614 -29533.780349946
617 614 645.169935928
618 614 2888.871000116
613 615 -926785.172871865
614 615 2156751.686981566
615 615 4954017.879612124
616 615 -6061.749176619
617 615 -2682.865205505
618 615 0.000000000
613 616 -645.169935928
614 616 -29533.780349946
615 616 -6061.749176619
616 616 4188873.571581479
617 616 0.000001921
618 616 -9.653965223
613 617 30658.032746119
614 617 645.169935928
615 617 -2682.865205505
616 617 0.000001921
617 617 4188873.571578488
618 617 21.041558815
613 618 6521.861693992
614 618 2888.871000116
615 618 0.000000000
616 618 -9.653965223
617 618 21.041558815
618 618 4188772.907508074
619 619 26201522.514038242
620 619 -136746.217592373
621 619 565626.527664055
622 619 337.143863371
623 619 90002.080933911
624 619 13880.798302989
619 620 -136746.217592373
620 620 25201811.233783446
621 620 2998525.358099464
622 620 -87833.352445599
623 620 -337.143863371
624 620 -2358.347084587
619 621 565626.527664055
620 621 2998525.358099464
621 621 4745735.036632962
622 621 -13489.069715871
623 621 2292.047990697
624 621 -0.000000000
619 622 337.143863371
620 622 -87833.352445599
621 622 -13489.069715871
622 622 4189144.177290675
623 622 -0.000002093
624 622 9.851556311
619 623 90002.080933911
620 623 -337.143863371
621 623 2292.047990697
622 623 -0.000002093
623 623 4189144.177277661
624 623 60.058685559
619 624 13880.798302989
620 624 -2358.347084587
621 624 -0.000000000
622 624 9.851556311
623 624 60.058685559
624 624 4188777.737574406
625 625 13854221.766412826
626 625 658123.316446607
627 625 -2004193.735700972
628 625 -961.185342520
629 625 32496.327636098
630 625 4712.370805005
625 626 658123.316446607
626 626 14219556.960218295
627 626 1408008.969185362
628 626 -33314.008972901
629 626 961.185342520
630 626 7499.383511789
625 627 -2004193.735700972
626 627 1408008.969185362
627 627 4907194.639631424
628 627 -4346.059053055
629 627 -6986.913847288
630 627 -0.000000000
625 628 -961.185342520
626 628 -33314.008972901
627 628 -4346.059053055
628 628 4188885.333744992
629 628 0.000002869
630 628 -25.999088935
625 629 32496.327636098
626 629 961.185342520
627 629 -6986.913847288
628 629 0.000002869
629 629 4188885.333749288
630 629 14.596110499
625 630 4712.370805005
626 630 7499.383511789
627 630 -0.000000000
628 630 -25.999088935
629 630 14.596110499
630 630 4188775.143215642
631 631 13580910.046879636
632 631 7817.228306596
633 631 -65021.405720033
634 631 77.089039798
635 631 35486.964129561
636 631 7905.251769279
631 632 7817.228306596
632 632 12810972.783809407
633 632 1853239.755630710
634 632 -33879.681906365
635 632 -77.089039798
636 632 -221.038402949
631 633 -65021.405720033
632 633 1853239.755630710
633 633 4638678.455822354
634 633 -7492.040988786
635 633 203.159018071
636 633 -0.000000000
631 634 77.089039798
632 634 -33879.681906365
633 634 -7492.040988786
634 634 4188906.822632357
635 634 -0.000001095
636 634 2.020297360
631 635 35486.964129561
632 635 -77.089039798
633 635 203.159018071
634 635 -0.000001095
635 635 4188906.822623389
636 635 31.515915075
631 636 7905.251769279
632 636 -221.038402949
633 636 -0.000000000
634 636 2.020297360
635 636 31.515915075
636 636 4188774.766258202
637 637 19270525.423750401
638 637 456544.734558039
639 637 -1349328.453866391
640 637 -456.621714771
641 637 46925.450322185
642 637 8949.852509374
637 638 456544.734558039
638 638 18802015.702724911
639 638 2570624.149360499
640 638 -45706.541739653
641 638 456.621714771
642 638 3030.779390644
637 639 -1349328.453866391
638 639 2570624.149360499
639 639 4953715.434765389
640 639 -8538.610908607
641 639 -2856.803511987
642 639 -0.000000000
637 640 -456.621714771
638 640 -45706.541739653
639 640 -8538.610908607
640 640 4188930.133190949
641 640 0.000000647
642 640 -7.295537772
637 641 46925.450322185
638 641 456.621714771
639 641 -2856.803511987
640 641 0.000000647
641 641 4188930.133184790
642 641 31.615041928
637 642 8949.852509374
638 642 3030.779390644
639 642 -0.000000000
640 642 -7.295537772
641 642 31.615041928
642 642 4188774.568469301
643 643 15976501.914586565
644 643 -135186.190443596
645 643 625986.888943909
646 643 323.323361930
647 643 44404.108826812
648 643 5802.586854976
643 644 -135186.190443596
644 644 15643319.951674385
645 644 1555872.484366775
646 644 -43916.276923823
647 644 -323.323361930
648 644 -2920.946346530
643 645 625986.888943909
644 645 1555872.484366775
645 645 4503477.998661033
646 645 -5641.740503592
647 645 2860.325717726
648 645 0.000000000
643 646 323.323361930
644 646 -43916.276923823
645 646 -5641.740503592
646 646 4188942.226785319
647 646 -0.000001858
648 646 12.706300681
643 647 44404.108826812
644 647 -323.323361930
645 647 2860.325717726
646 647 -0.000001858
647 647 4188942.226783984
648 647 21.760396974
643 648 5802.586854976
644 648 -2920.946346530
645 648 0.000000000
646 648 12.706300681
647 648 21.760396974
648 648 4188771.374924539
649 649 20217168.536636665
650 649 445116.083943596
651 649 -970588.845635678
652 649 -407.436158662
653 649 48439.710715839
654 649 7189.669242274
649 650 445116.083943596
650 650 19393836.125625804
651 650 2542087.189465262
652 650 -47536.117566248
653 650 407.436158662
654 650 2206.385640667
649 651 -970588.845635678
650 651 2542087.189465262
651 651 4886741.587682613
652 651 -6901.290383422
653 651 -2077.898340428
654 651 0.000000000
649 652 -407.436158662
650 652 -47536.117566248
651 652 -6901.290383422
652 652 4188934.780815668
653 652 0.000000527
654 652 -5.484481578
649 653 48439.710715839
650 653 407.436158662
651 653 -2077.898340428
652 653 0.000000527
653 653 4188934.780813518
654 653 22.539575183
649 654 7189.669242274
650 654 2206.385640667
651 654 0.000000000
652 654 -5.484481578
653 654 22.539575183
654 654 4188771.337116367
655 655 13689705.683590572
656 655 86511.478138850
657 655 -269843.249382469
658 655 -63.397683986
659 655 32615.196930834
660 655 6423.904854849
655 656 86511.478138850
656 656 13100084.902613416
657 656 1684090.890767681
658 656 -31458.249011281
659 656 63.397683986
660 656 491.108252209
655 657 -269843.249382469
656 657 1684090.890767681
657 657 4565977.842225632
658 657 -6149.932328146
659 657 -475.685308051
660 657 -0.000000000
655 658 -63.397683986
656 658 -31458.249011281
657 658 -6149.932328146
658 658 4188885.651430507
659 658 -0.000000227
660 658 -0.737825202
655 659 32615.196930834
656 659 63.397683986
657 659 -475.685308051
658 659 -0.000000227
659 659 4188885.651425306
660 659 23.744017182
655 660 6423.904854849
656 660 491.108252209
657 660 -0.000000000
658 660 -0.737825202
659 660 23.744017182
660 660 4188772.332021468
661 661 19595989.155922037
662 661 117314.489019088
663 661 -1110906.228120759
664 661 -335.505802595
665 661 49354.921293529
666 661 9206.257558744
661 662 117314.489019088
662 662 19011500.524230596
663 662 2368116.248802268
664 662 -47879.739860035
665 662 335.505802595
666 662 2546.311548301
661 663 -1110906.228120759
662 663 2368116.248802268
663 663 4936763.134791635
664 663 -8788.994034933
665 663 -2457.163126641
666 663 0.000000000
661 664 -335.505802595
662 664 -47879.739860035
663 664 -8788.994034933
664 664 4188941.243762858
665 664 0.000000969
666 664 -7.546805765
661 665 49354.921293529
662 665 335.505802595
663 665 -2457.163126641
664 665 0.000000969
665 665 4188941.243756605
666 665 33.041976007
661 666 9206.257558744
662 666 2546.311548301
663 666 0.000000000
664 666 -7.546805765
665 666 33.041976007
666 666 4188774.470107626
667 667 19277551.675736148
668 667 -120807.603099022
669 667 455124.496429980
670 667 478.951345865
671 667 52051.517027791
672 667 10127.785294451
667 668 -120807.603099022
668 668 18182591.274014074
669 668 2821197.018530456
670 668 -50437.312947408
671 668 -478.951345865
672 668 -2727.843727149
667 669 455124.496429980
668 669 2821197.018530456
669 669 4920924.559277343
670 669 -9652.565397026
671 669 2627.123833393
672 669 -0.000000000
667 670 478.951345865
668 670 -50437.312947408
669 670 -9652.565397026
670 670 4188963.429463003
671 670 -0.000002845
672 670 12.090939928
667 671 52051.517027791
668 671 -478.951345865
669 671 2627.123833393
670 671 -0.000002845
671 671 4188963.429457050
672 671 37.158678769
667 672 10127.785294451
668 672 -2727.843727149
669 672 -0.000000000
670 672 12.090939928
671 672 37.158678769
672 672 4188775.787244071
673 673 13697004.758995976
674 673 582284.871239094
675 673 -1713333.490421838
676 673 -762.555447618
677 673 30757.918847703
678 673 4119.636088445
673 674 582284.871239094
674 674 13732366.521266347
675 674 1364977.279228690
676 674 -31189.678144487
677 674 762.555447618
678 674 6205.684478866
673 675 -1713333.490421838
674 675 1364977.279228690
675 675 4855763.381554838
676 675 -3772.941094882
677 675 -5813.086978937
678 675 0.000000000
673 676 -762.555447618
674 676 -31189.678144487
675 676 -3772.941094882
676 676 4188876.999191006
677 676 0.000001856
678 676 -21.127386973
673 677 30757.918847703
674 677 762.555447618
675 677 -5813.086978937
676 677 0.000001856
677 677 4188876.999193874
678 677 11.774140923
673 678 4119.636088445
674 678 6205.684478866
675 678 0.000000000
676 678 -21.127386973
677 678 11.774140923
678 678 4188773.287563641
679 679 14349347.877113609
680 679 -228818.782774457
681 679 159803.705656027
682 679 90.585847309
683 679 31543.165552396
684 679 6171.448094241
679 680 -228818.782774457
680 680 13468578.047651162
681 680 1910887.920485729
682 680 -30466.869798044
683 680 -90.585847309
684 680 43.009490245
679 681 159803.705656027
680 681 1910887.920485729
681 681 4768337.573720728
682 681 -5846.455213343
683 681 -96.296096758
684 681 -0.000000000
679 682 90.585847309
680 682 -30466.869798044
681 682 -5846.455213343
682 682 4188877.297595146
683 682 0.000000405
684 682 -1.565060467
679 683 31543.165552396
680 683 -90.585847309
681 683 -96.296096758
682 683 0.000000405
683 683 4188877.297591847
684 683 20.559153858
679 684 6171.448094241
680 684 43.009490245
681 684 -0.000000000
682 684 -1.565060467
683 684 20.559153858
684 684 4188771.622240292
685 685 35805240.930122636
686 685 -662874.819755998
687 685 2024427.237290113
688 685 746.634399356
689 685 80758.256089704
690 685 11637.248241798
685 686 -662874.819755998
686 686 33839944.703485578
687 686 5142328.648605936
688 686 -79520.816538482
689 686 -746.634399356
690 686 -6144.130336016
685 687 2024427.237290113
686 687 5142328.648605936
687 687 5545749.157092707
688 687 -11204.729174887
689 687 5974.343100439
690 687 -0.000000000
685 688 746.634399356
686 688 -79520.816538482
687 688 -11204.729174887
688 688 4189017.365309020
689 688 -0.000001955
690 688 20.598728144
685 689 80758.256089704
686 689 -746.634399356
687 689 5974.343100439
688 689 -0.000001955
689 689 4189017.365308104
690 689 32.487154294
685 690 11637.248241798
686 690 -6144.130336016
687 690 -0.000000000
688 690 20.598728144
689 690 32.487154294
690 690 4188774.019055546
691 691 12808501.880562417
692 691 -125562.600544955
693 691 394145.940269706
694 691 303.726850824
695 691 30913.586527946
696 691 5758.879247727
691 692 -125562.600544955
692 692 12291404.290365916
693 692 1521436.921526862
694 692 -30066.032431889
695 692 -303.726850824
696 692 -1883.348766544
691 693 394145.940269706
692 693 1521436.921526862
693 693 4547423.804736371
694 693 -5510.675117438
695 693 1819.385210066
696 693 -0.000000000
691 694 303.726850824
692 694 -30066.032431889
693 694 -5510.675117438
694 694 4188882.452701193
695 694 -0.000001659
696 694 7.999538327
691 695 30913.586527946
692 695 -303.726850824
693 695 1819.385210066
694 695 -0.000001659
695 695 4188882.452698338
696 695 20.842193005
691 696 5758.879247727
692 696 -1883.348766544
693 696 -0.000000000
694 696 7.999538327
695 696 20.842193005
696 696 4188771.904955847
697 697 36075906.454475209
698 697 -694505.955681672
699 697 1453327.539235093
700 697 605.723665023
701 697 88509.915292921
702 697 15118.252508473
697 698 -694505.955681672
698 698 34081772.748234898
699 698 5448261.045907554
700 698 -86084.661375169
701 698 -605.723665023
702 698 -3205.254456272
697 699 1453327.539235093
698 699 5448261.045907554
699 699 5528424.888230790
700 699 -14467.204627744
701 699 3045.013044858
702 699 0.000000000
697 700 605.723665023
698 700 -86084.661375169
699 700 -14467.204627744
700 700 4189046.337426150
701 700 -0.000000892
702 700 8.353148845
697 701 88509.915292921
698 701 -605.723665023
699 701 3045.013044858
700 701 -0.000000892
701 701 4189046.337421436
702 701 44.303918117
697 702 15118.252508473
698 702 -3205.254456272
699 702 0.000000000
700 702 8.353148845
701 702 44.303918117
702 702 4188775.604115938
703 703 14948891.429590834
704 703 -272639.822135940
705 703 954617.770742900
706 703 501.456344375
707 703 36235.334032669
708 703 5499.516118672
703 704 -272639.822135940
704 704 14359505.177485768
705 704 1697269.067782265
706 704 -35793.637297132
707 704 -501.456344375
708 704 -3819.258105103
703 705 954617.770742900
704 705 1697269.067782265
705 705 4699812.668392214
706 705 -5239.904494383
707 705 3702.464092646
708 705 -0.000000000
703 706 501.456344375
704 706 -35793.637297132
705 706 -5239.904494383
706 706 4188899.915452570
707 706 -0.000001910
708 706 14.444697045
703 707 36235.334032669
704 707 -501.456344375
705 707 3702.464092646
706 707 -0.000001910
707 707 4188899.915451828
708 707 18.641749629
703 708 5499.516118672
704 708 -3819.258105103
705 708 -0.000000000
706 708 14.444697045
707 708 18.641749629
708 708 4188771.732201666
709 709 11674707.663918825
710 709 38079.295261621
711 709 -179660.932080062
712 709 -69.850032150
713 709 26013.152617921
714 709 5341.246844998
709 710 38079.295261621
710 710 11118956.921601424
711 710 1291807.439645781
712 710 -24908.549802830
713 710 69.850032150
714 710 486.116399378
709 711 -179660.932080062
710 711 1291807.439645781
711 711 4498343.171015330
712 711 -5082.019097668
713 711 -466.368294400
714 711 -0.000000000
709 712 -69.850032150
710 712 -24908.549802830
711 712 -5082.019097668
712 712 4188860.905725603
713 712 0.000000240
714 712 -1.438690175
709 713 26013.152617921
710 713 69.850032150
711 713 -466.368294400
712 713 0.000000240
713 713 4188860.905720993
714 713 20.003656808
709 714 5341.246844998
710 714 486.116399378
711 714 -0.000000000
712 714 -1.438690175
713 714 20.003656808
714 714 4188771.769920637
715 715 10275809.903974419
716 715 -51787.816590247
717 715 286704.494616020
718 715 101.325606011
719 715 18530.349112254
720 715 2806.384864118
715 716 -51787.816590247
716 716 10061545.671871301
717 716 739208.224658258
718 716 -18090.467084229
719 716 -101.325606011
720 716 -945.496479384
715 717 286704.494616020
716 717 739208.224658258
717 717 4376463.825631532
718 717 -2682.224220978
719 717 911.590782438
720 717 -0.000000000
715 718 101.325606011
716 718 -18090.467084229
717 718 -2682.224220978
718 718 4188826.497659465
719 718 -0.000000405
720 718 2.982474567
715 719 18530.349112254
716 719 -101.325606011
717 719 911.590782438
718 719 -0.000000405
719 719 4188826.497657511
720 719 9.977279239
715 720 2806.384864118
716 720 -945.496479384
717 720 -0.000000000
718 720 2.982474567
719 720 9.977279239
720 720 4188769.599017035
721 721 17760718.904150076
722 721 -237195.444560520
723 721 383166.314286938
724 721 218.020623736
725 721 43230.411209032
726 721 6575.965597343
721 722 -237195.444560520
722 722 16973008.016967379
723 722 2107376.632325366
724 722 -42210.255922384
725 722 -218.020623736
726 722 -901.866294687
721 723 383166.314286938
722 723 2107376.632325366
723 723 4666347.067787180
724 723 -6311.418526506
725 723 826.389360518
726 723 -0.000000000
721 724 218.020623736
722 724 -42210.255922384
723 724 -6311.418526506
724 724 4188913.480417988
725 724 -0.000000183
726 724 1.954231442
721 725 43230.411209032
722 725 -218.020623736
723 725 826.389360518
724 725 -0.000000183
725 725 4188913.480415842
726 725 20.438482565
721 726 6575.965597343
722 726 -901.866294687
723 726 -0.000000000
724 726 1.954231442
725 726 20.438482565
726 726 4188770.665878616
727 727 37709155.151768096
728 727 -1989004.106860613
729 727 5140255.518159615
730 727 2570.426903046
731 727 98002.617872698
732 727 16405.333728093
727 728 -1989004.106860613
728 728 36774400.324412428
729 728 5668773.455941991
730 728 -98021.994743117
731 728 -2570.426903046
732 728 -17063.836488013
727 729 5140255.518159615
728 729 5668773.455941991
729 729 6495828.791962064
730 729 -15286.768388270
731 729 16069.948697595
732 729 0.000000000
727 730 2570.426903046
728 730 -98021.994743117
729 730 -15286.768388270
730 730 4189086.735946867
731 730 -0.000006162
732 730 54.300801848
727 731 98002.617872698
728 731 -2570.426903046
729 731 16069.948697595
730 731 -0.000006162
731 731 4189086.735949195
732 731 48.127525359
727 732 16405.333728093
728 732 -17063.836488013
729 732 0.000000000
730 732 54.300801848
731 732 48.127525359
732 732 4188784.879800101
733 733 21225896.703675736
734 733 -838542.265927215
735 733 2126075.426640755
736 733 1547.485939912
737 733 55700.820386337
738 733 10392.190561906
733 734 -838542.265927215
734 734 20965885.460756671
735 734 2792978.668690921
736 734 -55323.200182635
737 734 -1547.485939912
738 734 -8664.094216329
733 735 2126075.426640755
734 735 2792978.668690921
735 735 5080459.856874833
736 735 -9767.572427597
737 735 8105.545863567
738 735 -0.000000000
733 736 1547.485939912
734 736 -55323.200182635
735 736 -9767.572427597
736 736 4188958.263493204
737 736 -0.000005788
738 736 30.899349362
733 737 55700.820386337
734 737 -1547.485939912
735 737 8105.545863567
736 737 -0.000005788
737 737 4188958.263492283
738 737 35.486245467
733 738 10392.190561906
734 738 -8664.094216329
735 738 -0.000000000
736 738 30.899349362
737 738 35.486245467
738 738 4188779.471297878
739 739 12744363.689255854
740 739 -58285.322622969
741 739 177079.218535596
742 739 137.350062638
743 739 29691.817058904
744 739 5395.504577269
739 740 -58285.322622969
740 740 12230118.027783914
741 740 1457816.680280897
742 740 -28805.257550390
743 740 -137.350062638
744 740 -833.693780268
739 741 177079.218535596
740 741 1457816.680280897
741 741 4487690.618018270
742 741 -5197.488082175
743 741 811.571959486
744 741 0.000000000
739 742 137.350062638
740 742 -28805.257550390
741 742 -5197.488082175
742 742 4188872.068453767
743 742 -0.000000653
744 742 3.463726178
739 743 29691.817058904
740 743 -137.350062638
741 743 811.571959486
742 743 -0.000000653
743 743 4188872.068450963
744 743 18.855938167
739 744 5395.504577269
740 744 -833.693780268
741 744 0.000000000
742 744 3.463726178
743 744 18.855938167
744 744 4188770.927906026
745 745 20885104.872412186
746 745 -1540789.051141536
747 745 3609761.672404707
748 745 2752.431318110
749 745 55542.520940633
750 745 11813.636630191
745 746 -1540789.051141536
746 746 21672197.603278860
747 746 2993746.437453274
748 746 -57043.187135116
749 746 -2752.431318110
750 746 -15185.388269045
745 747 3609761.672404707
746 747 2993746.437453274
747 747 5754841.013575164
748 747 -10627.005482750
749 747 13615.677830354
750 747 -0.000000000
745 748 2752.431318110
746 748 -57043.187135116
747 748 -10627.005482750
748 748 4188962.382338533
749 748 -0.000010148
750 748 51.398145095
745 749 55542.520940633
746 749 -2752.431318110
747 749 13615.677830354
748 749 -0.000010148
749 749 4188962.382344662
750 749 39.292078091
745 750 11813.636630191
746 750 -15185.388269045
747 750 -0.000000000
748 750 51.398145095
749 750 39.292078091
750 750 4188789.234312689
751 751 11309936.050464334
752 751 -51796.754745274
753 751 30128.086225166
754 751 205.286108599
755 751 20572.009930848
756 751 4062.816065404
751 752 -51796.754745274
752 752 10988710.528933847
753 752 1166959.981978088
754 752 -19889.888297849
755 752 -205.286108599
756 752 -923.993909302
751 753 30128.086225166
752 753 1166959.981978088
753 753 4524645.308872146
754 753 -3854.168766540
755 753 878.548845665
756 753 -0.000000000
751 754 205.286108599
752 754 -19889.888297849
753 754 -3854.168766540
754 754 4188834.316514518
755 754 -0.000000927
756 754 4.071295640
751 755 20572.009930848
752 755 -205.286108599
753 755 878.548845665
754 755 -0.000000927
755 755 4188834.316512080
756 755 13.845498365
751 756 4062.816065404
752 756 -923.993909302
753 756 -0.000000000
754 756 4.071295640
755 756 13.845498365
756 756 4188770.668000319
757 757 44772496.153280921
758 757 -2641042.422420044
759 757 6097246.387015351
760 757 4690.412449295
761 757 124414.634309442
762 757 24774.439285348
757 758 -2641042.422420044
758 758 44900036.788297132
759 758 6658844.771629333
760 758 -124867.674275008
761 758 -4690.412449295
762 758 -25127.815727363
757 759 6097246.387015351
758 759 6658844.771629333
759 759 6954248.641444299
760 759 -22778.808833427
761 759 23039.687615081
762 759 0.000000000
757 760 4690.412449295
758 760 -124867.674275008
759 760 -22778.808833427
760 760 4189181.882710160
761 760 -0.000016169
762 760 85.202633131
757 761 124414.634309442
758 761 -4690.412449295
759 761 23039.687615081
760 761 -0.000016169
761 761 4189181.882712365
762 761 81.682094804
757 762 24774.439285348
758 762 -25127.815727363
759 762 0.000000000
760 762 85.202633131
761 762 81.682094804
762 762 4188802.793183880
763 763 18383999.687552880
764 763 -644841.439251032
765 763 1459322.747921351
766 763 1068.186096364
767 763 42749.185030655
768 763 8580.954393875
763 764 -644841.439251032
764 764 17750270.982966140
765 764 2565083.900990690
766 764 -42008.711956083
767 764 -1068.186096364
768 764 -5977.984212983
763 765 1459322.747921351
764 765 2565083.900990690
765 765 5077696.821943240
766 765 -8018.817292297
767 765 5614.127929387
768 765 0.000000000
763 766 1068.186096364
764 766 -42008.711956083
765 766 -8018.817292297
766 766 4188906.030260899
767 766 -0.000003389
768 766 20.733258174
763 767 42749.185030655
764 767 -1068.186096364
765 767 5614.127929387
766 767 -0.000003389
767 767 4188906.030260235
768 767 26.417930207
763 768 8580.954393875
764 768 -5977.984212983
765 768 0.000000000
766 768 20.733258174
767 768 26.417930207
768 768 4188776.090804918
769 769 15008833.452371480
770 769 -516231.684864679
771 769 1039058.002347872
772 769 578.612695409
773 769 32917.449239522
774 769 6561.161270695
769 770 -516231.684864679
770 770 14525975.924431857
771 770 2019253.826070024
772 770 -32043.726819741
773 770 -578.612695409
774 770 -2868.791308035
769 771 1039058.002347872
770 771 2019253.826070024
771 771 4810943.990005367
772 771 -6201.992093932
773 771 2651.167246899
774 771 0.000000000
769 772 578.612695409
770 772 -32043.726819741
771 772 -6201.992093932
772 772 4188873.744896051
773 772 -0.000001005
774 772 7.642434029
769 773 32917.449239522
770 773 -578.612695409
771 773 2651.167246899
772 773 -0.000001005
773 773 4188873.744893443
774 773 20.386251207
769 774 6561.161270695
770 774 -2868.791308035
771 774 0.000000000
772 774 7.642434029
773 774 20.386251207
774 774 4188772.050922263
775 775 54394540.094615906
776 775 -2455901.110592909
777 775 8040760.243688146
778 775 3650.156290800
779 775 159406.414626394
780 775 22879.466286528
775 776 -2455901.110592909
776 776 54938272.038690008
777 776 7030854.764743369
778 776 -160839.570425958
779 776 -3650.156290800
780 776 -27927.486750717
775 777 8040760.243688146
776 777 7030854.764743369
777 777 6884609.356705471
778 777 -21587.096290277
779 777 26487.958802462
780 777 -0.000000000
775 778 3650.156290800
776 778 -160839.570425958
777 778 -21587.096290277
778 778 4189297.526675101
779 778 -0.000009191
780 778 90.721697985
775 779 159406.414626394
776 779 -3650.156290800
777 779 26487.958802462
778 779 -0.000009191
779 779 4189297.526680941
780 779 70.540246242
775 780 22879.466286528
776 780 -27927.486750717
777 780 -0.000000000
778 780 90.721697985
779 780 70.540246242
780 780 4188793.801478266
781 781 30423757.418456573
782 781 -410253.894489366
783 781 1308683.396268134
784 781 1149.801297135
785 781 76181.055517109
786 781 13766.980735653
781 782 -410253.894489366
782 782 29729649.580166027
783 782 4437335.298922525
784 782 -74969.687530632
785 782 -1149.801297135
786 782 -7006.078840160
781 783 1308683.396268134
782 783 4437335.298922525
783 783 5499777.094068748
784 783 -13120.538876457
785 783 6712.156400504
786 783 -0.000000000
781 784 1149.801297135
782 784 -74969.687530632
783 784 -13120.538876457
784 784 4189008.774138003
785 784 -0.000004009
786 784 25.936461679
781 785 76181.055517109
782 785 -1149.801297135
783 785 6712.156400504
784 785 -0.000004009
785 785 4189008.774135392
786 785 42.598485649
781 786 13766.980735653
782 786 -7006.078840160
783 786 -0.000000000
784 786 25.936461679
785 786 42.598485649
786 786 4188778.647993364
787 787 15651359.779087057
788 787 -460407.585633944
789 787 1283399.020071681
790 787 824.727619281
791 787 39533.703624121
792 787 7090.208902632
787 788 -460407.585633944
788 788 15291072.020466074
789 788 1905263.315497279
790 788 -38952.635795008
791 788 -824.727619281
792 788 -4957.010376290
787 789 1283399.020071681
788 789 1905263.315497279
789 789 4708563.439445202
790 789 -6754.643705184
791 789 4725.583815735
792 789 -0.000000000
787 790 824.727619281
788 790 -38952.635795008
789 790 -6754.643705184
790 790 4188905.018305842
791 790 -0.000002715
792 790 17.431009252
787 791 39533.703624121
788 791 -824.727619281
789 791 4725.583815735
790 791 -0.000002715
791 791 4188905.018304311
792 791 24.188383538
787 792 7090.208902632
788 792 -4957.010376290
789 792 -0.000000000
790 792 17.431009252
791 792 24.188383538
792 792 4188773.872495377
793 793 13189407.426469872
794 793 284584.584285675
795 793 -556522.683302988
796 793 -341.891092017
797 793 29172.719529150
798 793 5798.841048442
793 794 284584.584285675
794 794 12641447.094247568
795 794 1671934.306766187
796 794 -28246.224549650
797 794 341.891092017
798 794 1674.905782402
793 795 -556522.683302988
794 795 1671934.306766187
795 795 4626209.650822317
796 795 -5519.610468917
797 795 -1557.911829402
798 795 0.000000000
793 796 -341.891092017
794 796 -28246.224549650
795 796 -5519.610468917
796 796 4188864.769875590
797 796 0.000000654
798 796 -4.748745091
793 797 29172.719529150
794 797 341.891092017
795 797 -1557.911829402
796 797 0.000000654
797 797 4188864.769872843
798 797 18.936783613
793 798 5798.841048442
794 798 1674.905782402
795 798 0.000000000
796 798 -4.748745091
797 798 18.936783613
798 798 4188771.381643072
799 799 4859118.608270356
800 799 -103266.864390017
801 799 -150676.630795181
802 799 192.039723948
803 799 2450.228473996
804 799 -824.917431502
799 800 -103266.864390017
800 800 4829559.291909139
801 800 -173776.922172135
802 800 -2395.246875143
803 800 -192.039723948
804 800 715.238756729
799 801 -150676.630795181
800 801 -173776.922172135
801 801 4284735.874479251
802 801 702.599770514
803 801 -609.184175303
804 801 -0.000000000
799 802 192.039723948
800 802 -2395.246875143
801 802 702.599770514
802 802 4188776.203050162
803 802 -0.000000835
804 802 -2.462961522
799 803 2450.228473996
800 803 -192.039723948
801 803 -609.184175303
802 803 -0.000000835
803 803 4188776.203049923
804 803 -2.840731631
799 804 -824.917431502
800 804 715.238756729
801 804 -0.000000000
802 804 -2.462961522
803 804 -2.840731631
804 804 4188768.760772498
805 805 16818509.563464317
806 805 240860.781402625
807 805 -558755.389118400
808 805 -335.362578860
809 805 41694.750550911
810 805 8791.321053998
805 806 240860.781402625
806 806 15939838.190580761
807 806 2424475.620813769
808 806 -40140.533221667
809 806 335.362578860
810 806 1735.291325431
805 807 -558755.389118400
806 807 2424475.620813769
807 807 4785227.521368795
808 807 -8368.696837813
809 807 -1622.632737362
810 807 0.000000000
805 808 -335.362578860
806 808 -40140.533221667
807 808 -8368.696837813
808 808 4188906.554441713
809 808 0.000000622
810 808 -4.845054375
805 809 41694.750550911
806 809 335.362578860
807 809 -1622.632737362
808 809 0.000000622
809 809 4188906.554436901
810 809 29.245291919
805 810 8791.321053998
806 810 1735.291325431
807 810 0.000000000
808 810 -4.845054375
809 810 29.245291919
810 810 4188773.963113383
811 811 8692667.122195585
812 811 97073.360793007
813 811 -466398.271630038
814 811 -163.948539604
815 811 13376.763400400
816 811 2792.478852513
811 812 97073.360793007
812 812 8538052.590642966
813 812 720262.695918221
814 812 -12897.843131235
815 812 163.948539604
816 812 1154.076961843
811 813 -466398.271630038
812 813 720262.695918221
813 813 4469508.197317227
814 813 -2622.982860024
815 813 -1073.368863999
816 813 0.000000000
811 814 -163.948539604
812 814 -12897.843131235
813 814 -2622.982860024
814 814 4188809.897234348
815 814 0.000000478
816 814 -3.011827276
811 815 13376.763400400
812 815 163.948539604
813 815 -1073.368863999
814 815 0.000000478
815 815 4188809.897232430
816 815 9.559597690
811 816 2792.478852513
812 816 1154.076961843
813 816 0.000000000
814 816 -3.011827276
815 816 9.559597690
816 816 4188769.881652157
817 817 20318737.698342126
818 817 -585498.212755699
819 817 1114086.815490582
820 817 1018.638056278
821 817 49792.520083768
822 817 10392.620293137
817 818 -585498.212755699
818 818 19451186.106112767
819 818 2861027.092998336
820 818 -48236.497102924
821 818 -1018.638056278
822 818 -4745.416603736
817 819 1114086.815490582
818 819 2861027.092998336
819 819 4977432.981250317
820 819 -9808.361524008
821 819 4459.169415792
822 819 -0.000000000
817 820 1018.638056278
818 820 -48236.497102924
819 820 -9808.361524008
820 820 4188928.220318022
821 820 -0.000003065
822 820 16.193640805
817 821 49792.520083768
818 821 -1018.638056278
819 821 4459.169415792
820 821 -0.000003065
821 821 4188928.220313487
822 821 34.047004838
817 822 10392.620293137
818 822 -4745.416603736
819 822 -0.000000000
820 822 16.193640805
821 822 34.047004838
822 822 4188776.531242412
823 823 8498446.364562524
824 823 110892.354303866
825 823 -164148.177401019
826 823 -30.141564847
827 823 12095.495336718
828 823 2766.768673959
823 824 110892.354303866
824 824 8229441.409845317
825 824 897569.283234604
826 824 -11631.957328007
827 824 30.141564847
828 824 100.942480474
823 825 -164148.177401019
824 825 897569.283234604
825 825 4487293.092596090
826 825 -2592.206120165
827 825 -54.900138658
828 825 0.000000000
823 826 -30.141564847
824 826 -11631.957328007
825 826 -2592.206120165
826 826 4188804.232440643
827 826 -0.000000202
828 826 0.580647856
823 827 12095.495336718
824 827 30.141564847
825 827 -54.900138658
826 827 -0.000000202
827 827 4188804.232439421
828 827 8.233182796
823 828 2766.768673959
824 828 100.942480474
825 828 0.000000000
826 828 0.580647856
827 828 8.233182796
828 828 4188769.322469736
829 829 14920763.487400418
830 829 224035.651644857
831 829 -238685.989244917
832 829 -171.449632947
833 829 28926.132389089
834 829 5155.933975503
829 830 224035.651644857
830 830 14318865.711802043
831 830 1854914.930118185
832 830 -28178.190046097
833 830 171.449632947
834 830 291.057030121
829 831 -238685.989244917
830 831 1854914.930118185
831 831 4677069.902834337
832 831 -4898.119072439
833 831 -206.819550075
834 831 -0.000000000
829 832 -171.449632947
830 832 -28178.190046097
831 832 -4898.119072439
832 832 4188849.242797727
833 832 -0.000000071
834 832 0.464685284
829 833 28926.132389089
830 833 171.449632947
831 833 -206.819550075
832 833 -0.000000071
833 833 4188849.242796648
834 833 13.597781328
829 834 5155.933975503
830 834 291.057030121
831 834 -0.000000000
832 834 0.464685284
833 834 13.597781328
834 834 4188770.153422510
835 835 18833580.398239523
836 835 -325942.923993880
837 835 812202.107968745
838 835 563.669302640
839 835 48212.300546298
840 835 9728.036862515
835 836 -325942.923993880
836 836 17805327.259097744
837 836 2637884.526282164
838 836 -46425.775790467
839 836 -563.669302640
840 836 -2930.048231519
835 837 812202.107968745
836 837 2637884.526282164
837 837 4798243.019507927
838 837 -9261.694939602
839 837 2794.552511890
840 837 -0.000000000
835 838 563.669302640
836 838 -46425.775790467
837 838 -9261.694939602
838 838 4188926.978569009
839 838 -0.000001695
840 838 9.715365706
835 839 48212.300546298
836 839 -563.669302640
837 839 2794.552511890
838 839 -0.000001695
839 839 4188926.978563614
840 839 32.678940892
835 840 9728.036862515
836 840 -2930.048231519
837 840 -0.000000000
838 840 9.715365706
839 840 32.678940892
840 840 4188774.853877465
841 841 33695467.688357502
842 841 -1329756.144970924
843 841 3406820.834303044
844 841 2313.593998088
845 841 91430.211861243
846 841 19558.106753796
841 842 -1329756.144970924
842 842 31851389.147798911
843 842 5104866.722451398
844 842 -88468.849445326
845 842 -2313.593998088
846 842 -11808.265667517
841 843 3406820.834303044
842 843 5104866.722451398
843 843 5972112.020234522
844 843 -18276.497492846
845 843 11060.491351808
846 843 0.000000000
841 844 2313.593998088
842 844 -88468.849445326
843 844 -18276.497492846
844 844 4189058.714444507
845 844 -0.000006409
846 844 37.002641782
841 845 91430.211861243
842 845 -2313.593998088
843 845 11060.491351808
844 845 -0.000006409
845 845 4189058.714436156
846 845 63.865121962
841 846 19558.106753796
842 846 -11808.265667517
843 846 0.000000000
844 846 37.002641782
845 846 63.865121962
846 846 4188787.061931615
847 847 6611972.070987476
848 847 88742.355268191
849 847 -171302.068182765
850 847 -119.717519994
851 847 7297.960271012
852 847 1569.117333078
847 848 88742.355268191
848 848 6445961.693176455
849 848 475275.597510750
850 848 -7043.263098620
851 848 119.717519994
852 848 538.670237932
847 849 -171302.068182765
848 849 475275.597510750
849 849 4318796.269140598
850 849 -1479.827538407
851 849 -497.849559218
852 849 -0.000000000
847 850 -119.717519994
848 850 -7043.263098620
849 850 -1479.827538407
850 850 4188789.503318896
851 850 0.000000203
852 850 -1.477751917
847 851 7297.960271012
848 851 119.717519994
849 851 -497.849559218
850 851 0.000000203
851 851 4188789.503318336
852 851 4.670767711
847 852 1569.117333078
848 852 538.670237932
849 852 -0.000000000
850 852 -1.477751917
851 852 4.670767711
852 852 4188768.371690410
853 853 12076452.290495340
854 853 314378.556322856
855 853 -669542.221235451
856 853 -350.582613392
857 853 22833.696190036
858 853 5089.148267190
853 854 314378.556322856
854 854 11665314.445839152
855 854 1578320.360256167
856 854 -22037.375952063
857 854 350.582613392
858 854 1738.847469884
853 855 -669542.221235451
854 855 1578320.360256167
855 855 4680007.086426344
856 855 -4795.989554632
857 855 -1591.532522739
858 855 0.000000000
853 856 -350.582613392
854 856 -22037.375952063
855 856 -4795.989554632
856 856 4188835.941423833
857 856 0.000000505
858 856 -4.230336454
853 857 22833.696190036
854 857 350.582613392
855 857 -1591.532522739
856 857 0.000000505
857 857 4188835.941421749
858 857 15.145110113
853 858 5089.148267190
854 858 1738.847469884
855 858 0.000000000
856 858 -4.230336454
857 858 15.145110113
858 858 4188771.093448472
859 859 17193548.981845647
860 859 -574693.180475501
861 859 1571436.775988450
862 859 1028.333655744
863 859 28572.539796452
864 859 5744.095851511
859 860 -574693.180475501
860 860 16931372.803722374
861 860 2410210.221868388
862 860 -28830.359055822
863 860 -1028.333655744
864 860 -5838.085723265
859 861 1571436.775988450
860 861 2410210.221868388
861 861 5154589.953647894
862 861 -5282.791489113
863 861 5309.462336053
864 861 0.000000000
859 862 1028.333655744
860 862 -28830.359055822
861 862 -5282.791489113
862 862 4188844.888976960
863 862 -0.000002454
864 862 17.071211411
859 863 28572.539796452
860 863 -1028.333655744
861 863 5309.462336053
862 863 -0.000002454
863 863 4188844.888978338
864 863 15.005550351
859 864 5744.095851511
860 864 -5838.085723265
861 864 0.000000000
862 864 17.071211411
863 864 15.005550351
864 864 4188774.405073309
865 865 14106618.085496334
866 865 -148433.500755751
867 865 164974.512768305
868 865 264.585901204
869 865 28932.469389550
870 865 6180.456440795
865 866 -148433.500755751
866 866 13407414.297911407
867 866 1821856.813785977
868 866 -27746.224594905
869 866 -264.585901204
870 866 -1003.422871118
865 867 164974.512768305
866 867 1821856.813785977
867 867 4648761.201053613
868 867 -5861.495830031
869 867 942.819107208
870 867 -0.000000000
865 868 264.585901204
866 868 -27746.224594905
867 868 -5861.495830031
868 868 4188854.711181102
869 868 -0.000000716
870 868 3.665667746
865 869 28932.469389550
866 869 -264.585901204
867 869 942.819107208
868 869 -0.000000716
869 869 4188854.711178177
870 869 19.119492853
865 870 6180.456440795
866 870 -1003.422871118
867 870 -0.000000000
868 870 3.665667746
869 870 19.119492853
870 870 4188771.840487045
871 871 12306607.354465386
872 871 -187076.509083895
873 871 103852.303326188
874 871 305.469084952
875 871 22436.413726522
876 871 4836.234001741
871 872 -187076.509083895
872 872 11810123.561974384
873 872 1398260.206164976
874 872 -21541.203290573
875 872 -305.469084952
876 872 -1052.973282904
871 873 103852.303326188
872 873 1398260.206164976
873 873 4602787.323308466
874 873 -4557.298327416
875 873 974.396124068
876 873 -0.000000000
871 874 305.469084952
872 874 -21541.203290573
873 874 -4557.298327416
874 874 4188834.159998782
875 874 -0.000000876
876 874 3.933998368
871 875 22436.413726522
872 875 -305.469084952
873 875 974.396124068
874 875 -0.000000876
875 875 4188834.159996453
876 875 15.000889834
871 876 4836.234001741
872 876 -1052.973282904
873 876 -0.000000000
874 876 3.933998368
875 876 15.000889834
876 876 4188771.187213301
877 877 17613155.366762798
878 877 -340155.217740195
879 877 943782.330559115
880 877 596.520998495
881 877 37163.066144710
882 877 6357.713759839
877 878 -340155.217740195
878 878 17181064.258083373
879 878 2117443.301149878
880 878 -36538.931789967
881 878 -596.520998495
882 878 -3485.497053147
877 879 943782.330559115
878 879 2117443.301149878
879 879 4705667.659691975
880 879 -6092.359787707
881 879 3323.087761646
882 879 -0.000000000
877 880 596.520998495
878 880 -36538.931789967
879 880 -6092.359787707
880 880 4188875.165887157
881 880 -0.000001373
882 880 10.824142659
877 881 37163.066144710
878 881 -596.520998495
879 881 3323.087761646
880 881 -0.000001373
881 881 4188875.165886023
882 881 18.486252696
877 882 6357.713759839
878 882 -3485.497053147
879 882 -0.000000000
880 882 10.824142659
881 882 18.486252696
882 882 4188771.822568466
883 883 19822070.806865428
884 883 -215532.550505874
885 883 864546.954196917
886 883 451.539461128
887 883 35570.766905917
888 883 5093.092035448
883 884 -215532.550505874
884 884 19474281.983393513
885 884 2174582.487991817
886 884 -35316.628694781
887 884 -451.539461128
888 884 -3392.340854732
883 885 864546.954196917
884 885 2174582.487991817
885 885 4750826.291017232
886 885 -4900.422227706
887 885 3259.489121151
888 885 0.000000000
883 886 451.539461128
884 886 -35316.628694781
885 886 -4900.422227706
886 886 4188859.662344398
887 886 -0.000000929
888 886 10.330839046
883 887 35570.766905917
884 887 -451.539461128
885 887 3259.489121151
886 887 -0.000000929
887 887 4188859.662344405
888 887 12.903342006
883 888 5093.092035448
884 888 -3392.340854732
885 888 0.000000000
886 888 10.330839046
887 888 12.903342006
888 888 4188770.655656281
889 889 16508663.248137830
890 889 -254801.158796901
891 889 300325.025834804
892 889 515.554753561
893 889 32920.664161605
894 889 7181.326367502
889 890 -254801.158796901
890 890 15985318.305333784
891 890 2290958.699465189
892 890 -31729.377353024
893 890 -515.554753561
894 890 -2242.890179292
889 891 300325.025834804
890 891 2290958.699465189
891 891 4911420.065078894
892 891 -6772.769688723
893 891 2098.091853256
894 891 -0.000000000
889 892 515.554753561
890 892 -31729.377353024
891 892 -6772.769688723
892 892 4188862.218636630
893 892 -0.000001325
894 892 7.437469107
889 893 32920.664161605
890 893 -515.554753561
891 893 2098.091853256
892 893 -0.000001325
893 893 4188862.218634110
894 893 20.966551688
889 894 7181.326367502
890 894 -2242.890179292
891 894 -0.000000000
892 894 7.437469107
893 894 20.966551688
894 894 4188772.873012030
895 895 42278967.384683251
896 895 -1139720.981987653
897 895 3766189.665071655
898 895 1976.435543207
899 895 119428.685159417
900 895 19979.072136977
895 896 -1139720.981987653
896 896 41099321.829164289
897 896 6052041.827781966
898 896 -117855.190720241
899 896 -1976.435543207
900 896 -13370.594815425
895 897 3766189.665071655
896 897 6052041.827781966
897 897 5808497.244838386
898 897 -19088.047492400
899 897 12899.219855583
900 897 0.000000000
895 898 1976.435543207
896 898 -117855.190720241
897 898 -19088.047492400
898 898 4189149.970832488
899 898 -0.000005176
900 898 43.910135572
895 899 119428.685159417
896 899 -1976.435543207
897 899 12899.219855583
898 899 -0.000005176
899 899 4189149.970829539
900 899 61.885328931
895 900 19979.072136977
896 900 -13370.594815425
897 900 0.000000000
898 900 43.910135572
899 900 61.885328931
900 900 4188783.189684999
901 901 30508310.011886928
902 901 -845289.402680972
903 901 2432594.439577789
904 901 1581.461143764
905 901 71552.137745383
906 901 13054.802143424
901 902 -845289.402680972
902 902 30215074.604654275
903 902 4468042.151509024
904 902 -71000.246655272
905 902 -1581.461143764
906 902 -9692.074408541
901 903 2432594.439577789
902 903 4468042.151509024
903 903 5757983.688230542
904 903 -12312.311904660
905 903 9172.067423882
906 903 0.000000000
901 904 1581.461143764
902 904 -71000.246655272
903 904 -12312.311904660
904 904 4188975.760343728
905 904 -0.000003748
906 904 30.473791559
901 905 71552.137745383
902 905 -1581.461143764
903 905 9172.067423882
904 905 -0.000003748
905 905 4188975.760343384
906 905 36.623142775
901 906 13054.802143424
902 906 -9692.074408541
903 906 0.000000000
904 906 30.473791559
905 906 36.623142775
906 906 4188779.221562387
907 907 8320033.808019486
908 907 -8331.848666789
909 907 53333.474862321
910 907 42.210734140
911 907 11995.854439326
912 907 2204.679854746
907 908 -8331.848666789
908 908 8107476.034055752
909 908 712704.000685007
910 908 -11684.363329658
911 908 -42.210734140
912 908 -302.484751608
907 909 53333.474862321
908 909 712704.000685007
909 909 4351094.028295956
910 909 -2116.783095430
911 909 299.630714632
912 909 -0.000000000
907 910 42.210734140
908 910 -11684.363329658
909 910 -2116.783095430
910 910 4188802.790355672
911 910 -0.000000193
912 910 1.266964364
907 911 11995.854439326
908 911 -42.210734140
909 911 299.630714632
910 911 -0.000000193
911 911 4188802.790355067
912 911 6.429295628
907 912 2204.679854746
908 912 -302.484751608
909 912 -0.000000000
910 912 1.266964364
911 912 6.429295628
912 912 4188768.582489804
913 913 12988793.277697897
914 913 33706.940081058
915 913 -245292.657758318
916 913 -33.806136576
917 913 24214.065420915
918 913 4273.680750523
913 914 33706.940081058
914 914 12541706.203782512
915 914 1381406.878190655
916 914 -23508.655176469
917 914 33.806136576
918 914 499.979790449
913 915 -245292.657758318
914 915 1381406.878190655
915 915 4490225.207994489
916 915 -4107.995427257
917 915 -486.683688561
918 915 0.000000000
913 916 -33.806136576
914 916 -23508.655176469
915 916 -4107.995427257
916 916 4188835.053681906
917 916 -0.000000008
918 916 -0.954755672
913 917 24214.065420915
914 917 33.806136576
915 917 -486.683688561
916 917 -0.000000008
917 917 4188835.053680448
918 917 12.349668308
913 918 4273.680750523
914 918 499.979790449
915 918 0.000000000
916 918 -0.954755672
917 918 12.349668308
918 918 4188769.796545898
919 919 14366518.807038663
920 919 -181869.237700792
921 919 537395.298190844
922 919 322.807245909
923 919 30249.357098991
924 919 5007.867611233
919 920 -181869.237700792
920 920 14017872.318769086
921 920 1582484.531052737
922 920 -29693.664368207
923 920 -322.807245909
924 920 -1993.690378150
919 921 537395.298190844
920 921 1582484.531052737
921 921 4537866.066337465
922 921 -4835.669544506
923 921 1928.068975941
924 921 0.000000000
919 922 322.807245909
920 922 -29693.664368207
921 922 -4835.669544506
922 922 4188858.552775181
923 922 -0.000000790
924 922 6.538752648
919 923 30249.357098991
920 923 -322.807245909
921 923 1928.068975941
922 923 -0.000000790
923 923 4188858.552774050
924 923 15.021024523
919 924 5007.867611233
920 924 -1993.690378150
921 924 0.000000000
922 924 6.538752648
923 924 15.021024523
924 924 4188770.396735911
925 925 11219109.144134285
926 925 135632.690028109
927 925 -322937.865580995
928 925 -174.541985260
929 925 20502.318632696
930 925 3473.068156040
925 926 135632.690028109
926 926 10880076.580626989
927 926 1127848.827981681
928 926 -20009.498401364
929 926 174.541985260
930 926 933.163006531
925 927 -322937.865580995
926 927 1127848.827981681
927 927 4428174.225765698
928 927 -3342.501522996
929 927 -882.419859652
930 927 -0.000000000
925 928 -174.541985260
926 928 -20009.498401364
927 928 -3342.501522996
928 928 4188827.557166975
929 928 0.000000230
930 928 -2.431790043
925 929 20502.318632696
926 929 174.541985260
927 929 -882.419859652
928 929 0.000000230
929 929 4188827.557166084
930 929 9.994674189
925 930 3473.068156040
926 930 933.163006531
927 930 -0.000000000
928 930 -2.431790043
929 930 9.994674189
930 930 4188769.171425104
931 931 10831309.012346735
932 931 70384.154640743
933 931 -31887.689130270
934 931 18.735985148
935 931 16255.566200540
936 931 3241.070437605
931 932 70384.154640743
932 932 10384105.472832484
933 932 1265028.823215035
934 932 -15762.527646042
935 932 -18.735985148
936 932 -325.169324905
931 933 -31887.689130270
932 933 1265028.823215035
933 933 4531285.778547020
934 933 -3075.457508932
935 933 334.067206601
936 933 0.000000000
931 934 18.735985148
932 934 -15762.527646042
933 934 -3075.457508932
934 934 4188810.326099288
935 934 -0.000000251
936 934 1.738572034
931 935 16255.566200540
932 935 -18.735985148
933 935 334.067206601
934 935 -0.000000251
935 935 4188810.326098666
936 935 8.169962017
931 936 3241.070437605
932 936 -325.169324905
933 936 0.000000000
934 936 1.738572034
935 936 8.169962017
936 936 4188769.132893943
937 937 19219169.433697715
938 937 313500.026697019
939 937 35928.337277760
940 937 -103.290613163
941 937 35423.308553195
942 937 4917.853250613
937 938 313500.026697019
938 938 18240232.043713201
939 938 2289950.096167087
940 938 -34703.562843454
941 938 103.290613163
942 938 -828.306043194
937 939 35928.337277760
938 939 2289950.096167087
939 939 4896061.726893093
940 939 -4615.728556870
941 939 908.996087571
942 939 0.000000000
937 940 -103.290613163
938 940 -34703.562843454
939 940 -4615.728556870
940 940 4188860.009895385
941 940 -0.000000137
942 940 3.640848027
937 941 35423.308553195
938 941 103.290613163
939 941 908.996087571
940 941 -0.000000137
941 941 4188860.009895011
942 941 10.771882745
937 942 4917.853250613
938 942 -828.306043194
939 942 0.000000000
940 942 3.640848027
941 942 10.771882745
942 942 4188769.472853809
943 943 11352604.983931959
944 943 -41112.952182193
945 943 128158.309962862
946 943 139.171949970
947 943 19481.396010408
948 943 3926.212520268
943 944 -41112.952182193
944 944 10991833.174959511
945 944 1325636.804346423
946 944 -18908.220542532
947 944 -139.171949970
948 944 -732.610685367
943 945 128158.309962862
944 945 1325636.804346423
945 945 4543508.472874712
946 945 -3738.943565732
947 945 721.397591376
948 945 -0.000000000
943 946 139.171949970
944 946 -18908.220542532
945 946 -3738.943565732
946 946 4188821.784829321
947 946 -0.000000414
948 946 2.754950517
943 947 19481.396010408
944 947 -139.171949970
945 947 721.397591376
946 947 -0.000000414
947 947 4188821.784828286
948 947 10.874357674
943 948 3926.212520268
944 948 -732.610685367
945 948 -0.000000000
946 948 2.754950517
947 948 10.874357674
948 948 4188769.796090494
949 949 13964800.597039053
950 949 -7666.201171680
951 949 -185196.226223692
952 949 177.707038256
953 949 24341.409169754
954 949 5788.198387763
949 950 -7666.201171680
950 950 13426232.477307154
951 950 1983541.601168858
952 950 -23288.679355710
953 950 -177.707038256
954 950 -455.962129530
949 951 -185196.226223692
950 951 1983541.601168858
951 951 4843692.159733573
952 951 -5423.902189136
953 951 447.699689836
954 951 0.000000000
949 952 177.707038256
950 952 -23288.679355710
951 952 -5423.902189136
952 952 4188832.155225438
953 952 -0.000000540
954 952 2.488823085
949 953 24341.409169754
950 953 -177.707038256
951 953 447.699689836
952 953 -0.000000540
953 953 4188832.155223365
954 953 15.660714746
949 954 5788.198387763
950 954 -455.962129530
951 954 0.000000000
952 954 2.488823085
953 954 15.660714746
954 954 4188771.484388276
955 955 12845861.585570257
956 955 -500851.259138613
957 955 1379821.582759894
958 955 809.594454141
959 955 23663.241904597
960 955 4634.812369636
955 956 -500851.259138613
956 956 12869521.205516962
957 956 1565045.650210734
958 956 -23852.702292897
959 956 -809.594454141
960 956 -4844.643576078
955 957 1379821.582759894
956 957 1565045.650210734
957 957 4835997.822024002
958 957 -4293.565981107
959 957 4467.975736706
960 957 -0.000000000
955 958 809.594454141
956 958 -23852.702292897
957 958 -4293.565981107
958 958 4188835.642454421
959 958 -0.000001668
960 958 14.063576192
955 959 23663.241904597
956 959 -809.594454141
957 959 4467.975736706
958 959 -0.000001668
959 959 4188835.642455115
960 959 12.699353539
955 960 4634.812369636
956 960 -4844.643576078
957 960 -0.000000000
958 960 14.063576192
959 960 12.699353539
960 960 4188772.749688241
961 961 51763560.784791104
962 961 -2808803.711201293
963 961 8841373.386562504
964 961 3951.788142143
965 961 124225.809380295
966 961 20941.519287921
961 962 -2808803.711201293
962 962 53083762.459526680
963 962 7719125.793702777
964 962 -127542.288516165
965 962 -3951.788142143
966 962 -28722.765582006
961 963 8841373.386562504
962 963 7719125.793702777
963 963 8115695.155674312
964 963 -19229.694344888
965 963 26521.148300761
966 963 0.000000000
961 964 3951.788142143
962 964 -127542.288516165
963 964 -19229.694344888
964 964 4189115.590279928
965 964 -0.000006971
966 964 80.120184248
961 965 124225.809380295
962 965 -3951.788142143
963 965 26521.148300761
964 965 -0.000006971
965 965 4189115.590287849
966 965 52.960936324
961 966 20941.519287921
962 966 -28722.765582006
963 966 0.000000000
964 966 80.120184248
965 966 52.960936324
966 966 4188796.068790146
967 967 12475270.426524239
968 967 -341520.178040312
969 967 972564.665306479
970 967 547.307109467
971 967 23284.521656391
972 967 4380.512615318
967 968 -341520.178040312
968 968 12276160.433060136
969 968 1446389.691824817
970 968 -23045.311647498
971 968 -547.307109467
972 968 -3296.006742846
967 969 972564.665306479
968 969 1446389.691824817
969 969 4643669.968313018
970 969 -4140.297091905
971 969 3117.073037800
972 969 -0.000000000
967 970 547.307109467
968 970 -23045.311647498
969 970 -4140.297091905
970 970 4188834.282068127
971 970 -0.000001102
972 970 9.768235835
967 971 23284.521656391
968 971 -547.307109467
969 971 3117.073037800
970 971 -0.000001102
971 971 4188834.282067858
972 971 12.206755226
967 972 4380.512615318
968 972 -3296.006742846
969 972 -0.000000000
970 972 9.768235835
971 972 12.206755226
972 972 4188771.055732782
973 973 13965622.766374318
974 973 -229101.435039601
975 973 1269278.445357070
976 973 437.835854264
977 973 21581.711818076
978 973 3213.813012860
973 974 -229101.435039601
974 974 14204804.644064257
975 974 1511315.523843117
976 974 -22290.635261889
977 974 -437.835854264
978 974 -4554.495501828
973 975 1269278.445357070
974 975 1511315.523843117
975 975 4950404.475021847
976 975 -2965.909103779
977 975 4186.936069689
978 975 -0.000000000
973 976 437.835854264
974 976 -22290.635261889
975 976 -2965.909103779
976 976 4188822.445651545
977 976 -0.000000820
978 976 12.904517763
973 977 21581.711818076
974 977 -437.835854264
975 977 4186.936069689
976 977 -0.000000820
977 977 4188822.445653395
978 977 6.946862008
973 978 3213.813012860
974 978 -4554.495501828
975 978 -0.000000000
976 978 12.904517763
977 978 6.946862008
978 978 4188771.860218320
979 979 8014267.752279234
980 979 -190098.607903190
981 979 556903.593115188
982 979 273.815826860
983 979 9352.631022700
984 979 1698.285449006
979 980 -190098.607903190
980 980 8053996.112122369
981 980 642483.911626785
982 980 -9470.183682444
983 980 -273.815826860
984 980 -1799.415857931
979 981 556903.593115188
980 981 642483.911626785
981 981 4440958.298163023
982 981 -1582.349431605
983 981 1656.268120112
984 981 0.000000000
979 982 273.815826860
980 982 -9470.183682444
981 982 -1582.349431605
982 982 4188791.422390244
983 982 -0.000000474
984 982 4.903245122
979 983 9352.631022700
980 983 -273.815826860
981 983 1656.268120112
982 983 -0.000000474
983 983 4188791.422390613
984 983 4.147792512
979 984 1698.285449006
980 984 -1799.415857931
981 984 0.000000000
982 984 4.903245122
983 984 4.147792512
984 984 4188769.097579698
985 985 11695823.786178255
986 985 -191341.582879567
987 985 918529.443437733
988 985 367.042733369
989 985 18021.455938606
990 985 2543.534045927
985 986 -191341.582879567
986 986 12002971.225909509
987 986 1049466.038301306
988 986 -18528.820733643
989 986 -367.042733369
990 986 -3393.999828972
985 987 918529.443437733
986 987 1049466.038301306
987 987 4664751.613117663
988 987 -2386.913265409
989 987 3157.854774980
990 987 0.000000000
985 988 367.042733369
986 988 -18528.820733643
987 988 -2386.913265409
988 988 4188815.262809446
989 988 -0.000000728
990 988 9.845737624
985 989 18021.455938606
986 989 -367.042733369
987 989 3157.854774980
988 989 -0.000000728
989 989 4188815.262810544
990 989 6.212780916
985 990 2543.534045927
986 990 -3393.999828972
987 990 0.000000000
988 990 9.845737624
989 990 6.212780916
990 990 4188770.508315504
991 991 9144675.929975120
992 991 -188905.529387308
993 991 601457.290338258
994 991 270.881687899
995 991 12899.572898933
996 991 2147.527635842
991 992 -188905.529387308
992 992 9091504.560322341
993 992 778645.919464851
994 992 -12872.270368052
995 992 -270.881687899
996 992 -1863.017896278
991 993 601457.290338258
992 993 778645.919464851
993 993 4426083.394637533
994 993 -2043.611066573
995 993 1764.629850833
996 993 -0.000000000
991 994 270.881687899
992 994 -12872.270368052
993 994 -2043.611066573
994 994 4188801.704636647
995 994 -0.000000451
996 994 5.174503502
991 995 12899.572898933
992 995 -270.881687899
993 995 1764.629850833
994 995 -0.000000451
995 995 4188801.704636747
996 995 5.526766653
991 996 2147.527635842
992 996 -1863.017896278
993 996 -0.000000000
994 996 5.174503502
995 996 5.526766653
996 996 4188769.006294777
997 997 7848245.319055174
998 997 -88420.686382483
999 997 603030.948019342
1000 997 117.729012826
1001 997 7627.358519398
1002 997 555.444123776
997 998 -88420.686382483
998 998 8154938.392577832
999 998 264701.828617308
1000 998 -8017.097748928
1001 998 -117.729012826
1002 998 -1805.973554778
997 999 603030.948019342
998 999 264701.828617308
999 999 4408759.270795493
1000 999 -512.923974748
1001 999 1659.478579435
1002 999 -0.000000000
997 1000 117.729012826
998 1000 -8017.097748928
999 1000 -512.923974748
1000 1000 4188785.094389848
1001 1000 -0.000000143
1002 1000 4.399970025
997 1001 7627.358519398
998 1001 -117.729012826
999 1001 1659.478579435
1000 1001 -0.000000143
1001 1001 4188785.094390452
1002 1001 1.166508602
997 1002 555.444123776
998 1002 -1805.973554778
999 1002 -0.000000000
1000 1002 4.399970025
1001 1002 1.166508602
1002 1002 4188768.589354008
1003 1003 11759890.757750198
1004 1003 -373892.176201815
1005 1003 1226460.405432915
1006 1003 466.750977948
1007 1003 16324.262475516
1008 1003 2624.000134445
1003 1004 -373892.176201815
1004 1004 11966470.601910811
1005 1004 1165339.080696788
1006 1004 -16752.121633913
1007 1004 -466.750977948
1008 1004 -3555.909221699
1003 1005 1226460.405432915
1004 1005 1165339.080696788
1005 1005 4677827.071898935
1006 1005 -2446.919021951
1007 1005 3271.884024206
1008 1005 -0.000000000
1003 1006 466.750977948
1004 1006 -16752.121633913
1005 1006 -2446.919021951
1006 1006 4188806.452427589
1007 1006 -0.000000650
1008 1006 8.991897849
1003 1007 16324.262475516
1004 1007 -466.750977948
1005 1007 3271.884024206
1006 1007 -0.000000650
1007 1007 4188806.452428519
1008 1007 5.774007172
1003 1008 2624.000134445
1004 1008 -3555.909221699
1005 1008 -0.000000000
1006 1008 8.991897849
1007 1008 5.774007172
1008 1008 4188770.394338761
1009 1009 9573292.222212311
1010 1009 -336205.643236906
1011 1009 758417.630687077
1012 1009 486.902883368
1013 1009 11536.785805195
1014 1009 2135.352679225
1009 1010 -336205.643236906
1010 1010 9668173.064571703
1011 1010 717219.803642818
1012 1010 -11743.114465836
1013 1010 -486.902883368
1014 1010 -2708.440247041
1009 1011 758417.630687077
1010 1011 717219.803642818
1011 1011 4632896.402151178
1012 1011 -1903.257933873
1013 1011 2424.471042858
1014 1011 -0.000000000
1009 1012 486.902883368
1010 1012 -11743.114465836
1011 1012 -1903.257933873
1012 1012 4188796.187422657
1013 1012 -0.000000861
1014 1012 7.037471198
1009 1013 11536.785805195
1010 1013 -486.902883368
1011 1013 2424.471042858
1012 1013 -0.000000861
1013 1013 4188796.187423134
1014 1013 5.409247921
1009 1014 2135.352679225
1010 1014 -2708.440247041
1011 1014 -0.000000000
1012 1014 7.037471198
1013 1014 5.409247921
1014 1014 4188770.305185578
1015 1015 7001475.954158652
1016 1015 -109116.307710390
1017 1015 431124.062113369
1018 1015 153.804077741
1019 1015 6765.770129823
1020 1015 738.611057725
1015 1016 -109116.307710390
1016 1016 7268820.067326049
1017 1016 262840.988845572
1018 1016 -7058.427220563
1019 1016 -153.804077741
1020 1016 -1577.542284393
1015 1017 431124.062113369
1016 1017 262840.988845572
1017 1017 4371411.454793832
1018 1017 -692.630808984
1019 1017 1468.013668637
1020 1017 -0.000000000
1015 1018 153.804077741
1016 1018 -7058.427220563
1017 1018 -692.630808984
1018 1018 4188785.466962503
1019 1018 -0.000000248
1020 1018 4.228603530
1015 1019 6765.770129823
1016 1019 -153.804077741
1017 1019 1468.013668637
1018 1019 -0.000000248
1019 1019 4188785.466963018
1020 1019 1.899513571
1015 1020 738.611057725
1016 1020 -1577.542284393
1017 1020 -0.000000000
1018 1020 4.228603530
1019 1020 1.899513571
1020 1020 4188768.458626564
1021 1021 10257449.475462446
1022 1021 -126161.755652062
1023 1021 456228.519543348
1024 1021 212.143455797
1025 1021 11171.130501756
1026 1021 1652.094273882
1021 1022 -126161.755652062
1022 1022 9973059.534818482
1023 1022 972198.057468662
1024 1022 -11221.937516487
1025 1022 -212.143455797
1026 1022 -1518.851157827
1021 1023 456228.519543348
1022 1023 972198.057468662
1023 1023 4576470.797363148
1024 1023 -1544.707483385
1025 1023 1422.092635170
1026 1023 -0.000000000
1021 1024 212.143455797
1022 1024 -11221.937516487
1023 1024 -1544.707483385
1024 1024 4188792.568122005
1025 1024 -0.000000292
1026 1024 4.016810600
1021 1025 11171.130501756
1022 1025 -212.143455797
1023 1025 1422.092635170
1024 1025 -0.000000292
1025 1025 4188792.568122278
1026 1025 3.409056241
1021 1026 1652.094273882
1022 1026 -1518.851157827
1023 1026 -0.000000000
1024 1026 4.016810600
1025 1026 3.409056241
1026 1026 4188768.638948361
1027 1027 11999365.783940766
1028 1027 -357860.292440822
1029 1027 1176793.113440891
1030 1027 473.295359257
1031 1027 17711.863111744
1032 1027 2736.744869855
1027 1028 -357860.292440822
1028 1028 12209921.774939986
1029 1028 1132991.751876672
1030 1028 -17991.559601327
1031 1028 -473.295359257
1032 1028 -3467.553998352
1027 1029 1176793.113440891
1028 1029 1132991.751876672
1029 1029 4647899.223973235
1030 1029 -2580.411526670
1031 1029 3259.883925510
1032 1029 -0.000000000
1027 1030 473.295359257
1028 1030 -17991.559601327
1029 1030 -2580.411526670
1030 1030 4188810.674681032
1031 1030 -0.000000554
1032 1030 8.526397616
1027 1031 17711.863111744
1028 1031 -473.295359257
1029 1031 3259.883925510
1030 1031 -0.000000554
1031 1031 4188810.674681471
1032 1031 6.396142578
1027 1032 2736.744869855
1028 1032 -3467.553998352
1029 1032 -0.000000000
1030 1032 8.526397616
1031 1032 6.396142578
1032 1032 4188769.912846798
1033 1033 12863929.882024320
1034 1033 -335436.761199480
1035 1033 704785.234306461
1036 1033 564.577085878
1037 1033 19781.358627439
1038 1033 4122.989174595
1033 1034 -335436.761199480
1034 1034 12717471.417806106
1035 1034 1563503.632986784
1036 1034 -19525.966747799
1037 1034 -564.577085878
1038 1034 -2818.907733937
1033 1035 704785.234306461
1034 1035 1563503.632986784
1035 1035 4771123.646165411
1036 1035 -3838.065952253
1037 1035 2607.983231911
1038 1035 -0.000000000
1033 1036 564.577085878
1034 1036 -19525.966747799
1035 1036 -3838.065952253
1036 1036 4188816.853073933
1037 1036 -0.000000924
1038 1036 7.778386805
1033 1037 19781.358627439
1034 1037 -564.577085878
1035 1037 2607.983231911
1036 1037 -0.000000924
1037 1037 4188816.853073679
1038 1037 10.228099986
1033 1038 4122.989174595
1034 1038 -2818.907733937
1035 1038 -0.000000000
1036 1038 7.778386805
1037 1038 10.228099986
1038 1038 4188770.858047146
1039 1039 11756199.718327666
1040 1039 -222389.114025518
1041 1039 820242.916477503
1042 1039 331.611809472
1043 1039 14214.423602301
1044 1039 2171.455413744
1039 1040 -222389.114025518
1040 1040 11880004.545886461
1041 1040 1134370.315884727
1042 1040 -14555.202226142
1043 1040 -331.611809472
1044 1040 -2674.980272474
1039 1041 820242.916477503
1040 1041 1134370.315884727
1041 1041 4634301.271064795
1042 1041 -2035.311240328
1043 1041 2458.320103851
1044 1041 -0.000000000
1039 1042 331.611809472
1040 1042 -14555.202226142
1041 1042 -2035.311240328
1042 1042 4188799.188489150
1043 1042 -0.000000485
1044 1042 6.885631507
1039 1043 14214.423602301
1040 1043 -331.611809472
1041 1043 2458.320103851
1042 1043 -0.000000485
1043 1043 4188799.188489913
1044 1043 4.497043959
1039 1044 2171.455413744
1040 1044 -2674.980272474
1041 1044 -0.000000000
1042 1044 6.885631507
1043 1044 4.497043959
1044 1044 4188769.681513809
1045 1045 8767507.950328866
1046 1045 195528.295397144
1047 1045 -849321.172025091
1048 1045 -210.245528153
1049 1045 11091.058854866
1050 1045 1528.334329280
1045 1046 195528.295397144
1046 1046 9111767.530669397
1047 1046 567288.547147349
1048 1046 -11251.004473410
1049 1046 210.245528153
1050 1046 1888.294993611
1045 1047 -849321.172025091
1046 1047 567288.547147349
1047 1047 4506203.461603953
1048 1047 -1463.022453860
1049 1047 -1749.506255333
1050 1047 -0.000000000
1045 1048 -210.245528153
1046 1048 -11251.004473410
1047 1048 -1463.022453860
1048 1048 4188795.743666277
1049 1048 0.000000254
1050 1048 -4.192389192
1045 1049 11091.058854866
1046 1049 210.245528153
1047 1049 -1749.506255333
1048 1049 0.000000254
1049 1049 4188795.743666280
1050 1049 3.939040658
1045 1050 1528.334329280
1046 1050 1888.294993611
1047 1050 -0.000000000
1048 1050 -4.192389192
1049 1050 3.939040658
1050 1050 4188768.515261733
